oferta,linkofdeta
(KS) Ingeniero Desarrollador Java/Huechuraba,https://www.trabajando.cl/trabajo-empleo/region-metropolitana-de-santiago-java/trabajo/3751676/0aA-LB4Zpd1zBnKEnVkVVK6LuDlUQZPzS_h9G236fV2oxwAIQYqAcEc8g_TZG2Ld-dPXV4QYHlasEdnUYDo0Q-OK5MzfeYUynBFxHYumyoSmLmvSx7EACZ29jTVEOqje?page=10 ...de experiencia en Java Experiencia...
Java Software Engineer,https://www.trabajando.cl/trabajo-empleo/region-metropolitana-de-santiago-java/trabajo/3786733/0aA-LB4Zpd1zBnKEnVkVVK6LuDlUQZPzS_h9G236fV2oxwAIQYqAcEc8g_TZG2Ld-dPXV4QYHlasEdnUYDo0Q-OK5MzfeYUynBFxHYumyoSmLmvSx7EACZ29jTVEOqje?page=10 ...de experiencia en Java Experiencia...
Analista programador Java Spring Apache Maven AntSQL PL/SQL,https://www.trabajando.cl/trabajo-empleo/region-metropolitana-de-santiago-java/trabajo/3479037/0aA-LB4Zpd1zBnKEnVkVVK6LuDlUQZPzS_h9G236fV2oxwAIQYqAcEc8g_TZG2Ld-dPXV4QYHlasEdnUYDo0Q-OK5MzfeYUynBFxHYumyoSmLmvSx7EACZ29jTVEOqje?page=10 ...de experiencia en Java Experiencia...
Analista desarrollador Java base de datos metodologías ágiles,https://www.trabajando.cl/trabajo-empleo/region-metropolitana-de-santiago-java/trabajo/3663343/0aA-LB4Zpd1zBnKEnVkVVK6LuDlUQZPzS_h9G236fV2oxwAIQYqAcEc8g_TZG2Ld-dPXV4QYHlasEdnUYDo0Q-OK5MzfeYUynBFxHYumyoSmLmvSx7EACZ29jTVEOqje?page=10 ...de experiencia en Java Experiencia...
Desarrolladores Java y Node JS,https://www.trabajando.cl/trabajo-empleo/region-metropolitana-de-santiago-java/trabajo/3649811/0aA-LB4Zpd1zBnKEnVkVVK6LuDlUQZPzS_h9G236fV2oxwAIQYqAcEc8g_TZG2Ld-dPXV4QYHlasEdnUYDo0Q-OK5MzfeYUynBFxHYumyoSmLmvSx7EACZ29jTVEOqje?page=10 ...de experiencia en Java Experiencia...
Analista Desarrollador Java experiencia en Microservicios y Cloud.,https://www.trabajando.cl/trabajo-empleo/region-metropolitana-de-santiago-java/trabajo/3693853/0aA-LB4Zpd1zBnKEnVkVVK6LuDlUQZPzS_h9G236fV2oxwAIQYqAcEc8g_TZG2Ld-dPXV4QYHlasEdnUYDo0Q-OK5MzfeYUynBFxHYumyoSmLmvSx7EACZ29jTVEOqje?page=10 ...de experiencia en Java Experiencia...
Analista Desarrollador Java AngularJS J2EE y Oracle,https://www.trabajando.cl/trabajo-empleo/region-metropolitana-de-santiago-java/trabajo/3742852/0aA-LB4Zpd1zBnKEnVkVVK6LuDlUQZPzS_h9G236fV2oxwAIQYqAcEc8g_TZG2Ld-dPXV4QYHlasEdnUYDo0Q-OK5MzfeYUynBFxHYumyoSmLmvSx7EACZ29jTVEOqje?page=10 ...de experiencia en Java Experiencia...
Desarrollador Java JavaScript y metodologías ágiles,https://www.trabajando.cl/trabajo-empleo/region-metropolitana-de-santiago-java/trabajo/3461314/0aA-LB4Zpd1zBnKEnVkVVK6LuDlUQZPzS_h9G236fV2oxwAIQYqAcEc8g_TZG2Ld-dPXV4QYHlasEdnUYDo0Q-OK5MzfeYUynBFxHYumyoSmLmvSx7EACZ29jTVEOqje?page=10 ...de experiencia en Java Experiencia...
INGENIEROS DE DESARROLLO PLENO JAVA 7 SOAP REST LINUX INGLES TECNICO,https://www.trabajando.cl/trabajo-empleo/region-metropolitana-de-santiago-java/trabajo/3693940/0aA-LB4Zpd1zBnKEnVkVVK6LuDlUQZPzS_h9G236fV2oxwAIQYqAcEc8g_TZG2Ld-dPXV4QYHlasEdnUYDo0Q-OK5MzfeYUynBFxHYumyoSmLmvSx7EACZ29jTVEOqje?page=10 ...de experiencia en Java Experiencia...
(MA) Ingeniero Desarrollador Java,https://www.trabajando.cl/trabajo-empleo/region-metropolitana-de-santiago-java/trabajo/3752833/0aA-LB4Zpd1zBnKEnVkVVK6LuDlUQZPzS_h9G236fV2oxwAIQYqAcEc8g_TZG2Ld-dPXV4QYHlasEdnUYDo0Q-OK5MzfeYUynBFxHYumyoSmLmvSx7EACZ29jTVEOqje?page=10 ...de experiencia en Java Experiencia...
(MJA) Ingeniero JAVA,https://www.trabajando.cl/trabajo-empleo/region-metropolitana-de-santiago-java/trabajo/3698106/0aA-LB4Zpd1zBnKEnVkVVK6LuDlUQZPzS_h9G236fV2oxwAIQYqAcEc8g_TZG2Ld-dPXV4QYHlasEdnUYDo0Q-OK5MzfeYUynBFxHYumyoSmLmvSx7EACZ29jTVEOqje?page=10 ...de experiencia en Java Experiencia...
Ingeniero en Informática (Java),https://www.trabajando.cl/trabajo-empleo/region-metropolitana-de-santiago-java/trabajo/3489801/0aA-LB4Zpd1zBnKEnVkVVK6LuDlUQZPzS_h9G236fV2oxwAIQYqAcEc8g_TZG2Ld-dPXV4QYHlasEdnUYDo0Q-OK5MzfeYUynBFxHYumyoSmLmvSx7EACZ29jTVEOqje?page=10 ...de experiencia en Java Experiencia...
Analista Desarrollador Java J2EE Oracle ADF,https://www.trabajando.cl/trabajo-empleo/region-metropolitana-de-santiago-java/trabajo/2737226/0aA-LB4Zpd1zBnKEnVkVVK6LuDlUQZPzS_h9G236fV2oxwAIQYqAcEc8g_TZG2Ld-dPXV4QYHlasEdnUYDo0Q-OK5MzfeYUynBFxHYumyoSmLmvSx7EACZ29jTVEOqje?page=10 ...de experiencia en Java Experiencia...
Analista Programador JAVA ORACLE JEE Weblogic,https://www.trabajando.cl/trabajo-empleo/region-metropolitana-de-santiago-java/trabajo/3584144/0aA-LB4Zpd1zBnKEnVkVVK6LuDlUQZPzS_h9G236fV2oxwAIQYqAcEc8g_TZG2Ld-dPXV4QYHlasEdnUYDo0Q-OK5MzfeYUynBFxHYumyoSmLmvSx7EACZ29jTVEOqje?page=10 ...de experiencia en Java Experiencia...
Desarrollador JAVA Oracle Soap JSP Angular Eclipse MVC,https://www.trabajando.cl/trabajo-empleo/region-metropolitana-de-santiago-java/trabajo/2691854/0aA-LB4Zpd1zBnKEnVkVVK6LuDlUQZPzS_h9G236fV2oxwAIQYqAcEc8g_TZG2Ld-dPXV4QYHlasEdnUYDo0Q-OK5MzfeYUynBFxHYumyoSmLmvSx7EACZ29jTVEOqje?page=10 ...de experiencia en Java Experiencia...
Analista  Programador Java JEE base datos Sql ,https://www.trabajando.cl/trabajo-empleo/region-metropolitana-de-santiago-java/trabajo/3021566/0aA-LB4Zpd1zBnKEnVkVVK6LuDlUQZPzS_h9G236fV2oxwAIQYqAcEc8g_TZG2Ld-dPXV4QYHlasEdnUYDo0Q-OK5MzfeYUynBFxHYumyoSmLmvSx7EACZ29jTVEOqje?page=10 ...de experiencia en Java Experiencia...
Analista Programador  JAVA JEE JPA Rest Soap MVC  EJB,https://www.trabajando.cl/trabajo-empleo/region-metropolitana-de-santiago-java/trabajo/2631659/0aA-LB4Zpd1zBnKEnVkVVK6LuDlUQZPzS_h9G236fV2oxwAIQYqAcEc8g_TZG2Ld-dPXV4QYHlasEdnUYDo0Q-OK5MzfeYUynBFxHYumyoSmLmvSx7EACZ29jTVEOqje?page=10 ...de experiencia en Java Experiencia...
Analista desarrollador Java base de datos metodologías ágiles,https://www.trabajando.cl/trabajo-empleo/region-metropolitana-de-santiago-java/trabajo/3663330/0aA-LB4Zpd1zBnKEnVkVVK6LuDlUQZPzS_h9G236fV2oxwAIQYqAcEc8g_TZG2Ld-dPXV4QYHlasEdnUYDo0Q-OK5MzfeYUynBFxHYumyoSmLmvSx7EACZ29jTVEOqje?page=10 ...de experiencia en Java Experiencia...
Ingeniero Desarrollo JAVA Jee manejo Sql Soap y Rest,https://www.trabajando.cl/trabajo-empleo/region-metropolitana-de-santiago-java/trabajo/3274571/0aA-LB4Zpd1zBnKEnVkVVK6LuDlUQZPzS_h9G236fV2oxwAIQYqAcEc8g_TZG2Ld-dPXV4QYHlasEdnUYDo0Q-OK5MzfeYUynBFxHYumyoSmLmvSx7EACZ29jTVEOqje?page=10 ...de experiencia en Java Experiencia...
Analista Programador Junior Java Php Base Datos Linux Aplicaciones Móviles;https://www.trabajando.cl/trabajo-empleo/region-metropolitana-de-santiago-java/trabajo/2393641/0aA-LB4Zpd1zBnKEnVkVVK6LuDlUQZPzS_h9G236fV2oxwAIQYqAcEc8g_TZG2Ld-dPXV4QYHlasEdnUYDo0Q-OK5MzfeYUynBFxHYumyoSmLmvSx7EACZ29jTVEOqje?page=10 ...de experiencia en Java Experiencia...
analista programador Java J2EE Oracle y SQL,https://www.trabajando.cl/trabajo-empleo/region-metropolitana-de-santiago-java/trabajo/2388861/0aA-LB4Zpd1zBnKEnVkVVK6LuDlUQZPzS_h9G236fV2oxwAIQYqAcEc8g_TZG2Ld-dPXV4QYHlasEdnUYDo0Q-OK5MzfeYUynBFxHYumyoSmLmvSx7EACZ29jTVEOqje?page=10 ...de experiencia en Java Experiencia...
Analistas Programadores Java J2Ee Base Datos,https://www.trabajando.cl/trabajo-empleo/region-metropolitana-de-santiago-java/trabajo/2579655/0aA-LB4Zpd1zBnKEnVkVVK6LuDlUQZPzS_h9G236fV2oxwAIQYqAcEc8g_TZG2Ld-dPXV4QYHlasEdnUYDo0Q-OK5MzfeYUynBFxHYumyoSmLmvSx7EACZ29jTVEOqje?page=10 ...de experiencia en Java Experiencia...
Analista Programador Java J2Ee Html Css,https://www.trabajando.cl/trabajo-empleo/region-metropolitana-de-santiago-java/trabajo/2575535/0aA-LB4Zpd1zBnKEnVkVVK6LuDlUQZPzS_h9G236fV2oxwAIQYqAcEc8g_TZG2Ld-dPXV4QYHlasEdnUYDo0Q-OK5MzfeYUynBFxHYumyoSmLmvSx7EACZ29jTVEOqje?page=10 ...de experiencia en Java Experiencia...
Analista Programador Java Javascript Kony Studio aplicaciones moviles,https://www.trabajando.cl/trabajo-empleo/region-metropolitana-de-santiago-java/trabajo/2620687/0aA-LB4Zpd1zBnKEnVkVVK6LuDlUQZPzS_h9G236fV2oxwAIQYqAcEc8g_TZG2Ld-dPXV4QYHlasEdnUYDo0Q-OK5MzfeYUynBFxHYumyoSmLmvSx7EACZ29jTVEOqje?page=10 ...de experiencia en Java Experiencia...
Analistas Programadores Java J2Ee Base Datos Plsql Soa,https://www.trabajando.cl/trabajo-empleo/region-metropolitana-de-santiago-java/trabajo/2399027/0aA-LB4Zpd1zBnKEnVkVVK6LuDlUQZPzS_h9G236fV2oxwAIQYqAcEc8g_TZG2Ld-dPXV4QYHlasEdnUYDo0Q-OK5MzfeYUynBFxHYumyoSmLmvSx7EACZ29jTVEOqje?page=10 ...de experiencia en Java Experiencia...
Analista Desarrollador Java Base de datos Oracle metodologías Ágiles.,https://www.trabajando.cl/trabajo-empleo/region-metropolitana-de-santiago-java/trabajo/3459603/0aA-LB4Zpd1zBnKEnVkVVK6LuDlUQZPzS_h9G236fV2oxwAIQYqAcEc8g_TZG2Ld-dPXV4QYHlasEdnUYDo0Q-OK5MzfeYUynBFxHYumyoSmLmvSx7EACZ29jTVEOqje?page=10 ...de experiencia en Java Experiencia...
Analistas Programadores Java Nacar,https://www.trabajando.cl/trabajo-empleo/region-metropolitana-de-santiago-java/trabajo/2572039/0aA-LB4Zpd1zBnKEnVkVVK6LuDlUQZPzS_h9G236fV2oxwAIQYqAcEc8g_TZG2Ld-dPXV4QYHlasEdnUYDo0Q-OK5MzfeYUynBFxHYumyoSmLmvSx7EACZ29jTVEOqje?page=10 ...de experiencia en Java Experiencia...
Desarrolladores Java y Node JS,https://www.trabajando.cl/trabajo-empleo/region-metropolitana-de-santiago-java/trabajo/3649860/0aA-LB4Zpd1zBnKEnVkVVK6LuDlUQZPzS_h9G236fV2oxwAIQYqAcEc8g_TZG2Ld-dPXV4QYHlasEdnUYDo0Q-OK5MzfeYUynBFxHYumyoSmLmvSx7EACZ29jTVEOqje?page=10 ...de experiencia en Java Experiencia...
Programador Java Base Datos Scrum,https://www.trabajando.cl/trabajo-empleo/region-metropolitana-de-santiago-java/trabajo/2582525/0aA-LB4Zpd1zBnKEnVkVVK6LuDlUQZPzS_h9G236fV2oxwAIQYqAcEc8g_TZG2Ld-dPXV4QYHlasEdnUYDo0Q-OK5MzfeYUynBFxHYumyoSmLmvSx7EACZ29jTVEOqje?page=10 ...de experiencia en Java Experiencia...
Analista Programador Java PL/SQL Conocimientos en SQL,https://www.trabajando.cl/trabajo-empleo/region-metropolitana-de-santiago-java/trabajo/2747625/0aA-LB4Zpd1zBnKEnVkVVK6LuDlUQZPzS_h9G236fV2oxwAIQYqAcEc8g_TZG2Ld-dPXV4QYHlasEdnUYDo0Q-OK5MzfeYUynBFxHYumyoSmLmvSx7EACZ29jTVEOqje?page=10 ...de experiencia en Java Experiencia...
Ingenieros de desarrollo pleno JAVA 7 SOAP REST LINUX ingles tecnico,https://www.trabajando.cl/trabajo-empleo/region-metropolitana-de-santiago-java/trabajo/3693981/0aA-LB4Zpd1zBnKEnVkVVK6LuDlUQZPzS_h9G236fV2oxwAIQYqAcEc8g_TZG2Ld-dPXV4QYHlasEdnUYDo0Q-OK5MzfeYUynBFxHYumyoSmLmvSx7EACZ29jTVEOqje?page=10 ...de experiencia en Java Experiencia...
Analista Desarrollador Java AngularJS J2EE y Oracle,https://www.trabajando.cl/trabajo-empleo/region-metropolitana-de-santiago-java/trabajo/3742842/0aA-LB4Zpd1zBnKEnVkVVK6LuDlUQZPzS_h9G236fV2oxwAIQYqAcEc8g_TZG2Ld-dPXV4QYHlasEdnUYDo0Q-OK5MzfeYUynBFxHYumyoSmLmvSx7EACZ29jTVEOqje?page=10 ...de experiencia en Java Experiencia...
Analista Programador Java PHP Base datos Linux aplicaciones móviles,https://www.trabajando.cl/trabajo-empleo/region-metropolitana-de-santiago-java/trabajo/2393435/0aA-LB4Zpd1zBnKEnVkVVK6LuDlUQZPzS_h9G236fV2oxwAIQYqAcEc8g_TZG2Ld-dPXV4QYHlasEdnUYDo0Q-OK5MzfeYUynBFxHYumyoSmLmvSx7EACZ29jTVEOqje?page=10 ...de experiencia en Java Experiencia...
Analista Programador Java Android y web manejo integracion sistemas y medios de pago,https://www.trabajando.cl/trabajo-empleo/region-metropolitana-de-santiago-java/trabajo/3104676/0aA-LB4Zpd1zBnKEnVkVVK6LuDlUQZPzS_h9G236fV2oxwAIQYqAcEc8g_TZG2Ld-dPXV4QYHlasEdnUYDo0Q-OK5MzfeYUynBFxHYumyoSmLmvSx7EACZ29jTVEOqje?page=10 ...de experiencia en Java Experiencia...
Ingeniero Desarrollo Senior Java Angular Webservices Javascript Plsql,https://www.trabajando.cl/trabajo-empleo/region-metropolitana-de-santiago-java/trabajo/3771672/0aA-LB4Zpd1zBnKEnVkVVK6LuDlUQZPzS_h9G236fV2oxwAIQYqAcEc8g_TZG2Ld-dPXV4QYHlasEdnUYDo0Q-OK5MzfeYUynBFxHYumyoSmLmvSx7EACZ29jTVEOqje?page=10 ...de experiencia en Java Experiencia...
Analista Programador Java Oracle  PLSQL Javascript,https://www.trabajando.cl/trabajo-empleo/region-metropolitana-de-santiago-java/trabajo/3000148/0aA-LB4Zpd1zBnKEnVkVVK6LuDlUQZPzS_h9G236fV2oxwAIQYqAcEc8g_TZG2Ld-dPXV4QYHlasEdnUYDo0Q-OK5MzfeYUynBFxHYumyoSmLmvSx7EACZ29jTVEOqje?page=10 ...de experiencia en Java Experiencia...
Analista Programador Java experiencia desarrollo Web,https://www.trabajando.cl/trabajo-empleo/region-metropolitana-de-santiago-java/trabajo/2596865/0aA-LB4Zpd1zBnKEnVkVVK6LuDlUQZPzS_h9G236fV2oxwAIQYqAcEc8g_TZG2Ld-dPXV4QYHlasEdnUYDo0Q-OK5MzfeYUynBFxHYumyoSmLmvSx7EACZ29jTVEOqje?page=10 ...de experiencia en Java Experiencia...
Analista programador JAVA Base de datos SQL/ORACLE desarrollo y construcción de piezas de software pruebas unitarias.,https://www.trabajando.cl/trabajo-empleo/region-metropolitana-de-santiago-java/trabajo/3351659/0aA-LB4Zpd1zBnKEnVkVVK6LuDlUQZPzS_h9G236fV2oxwAIQYqAcEc8g_TZG2Ld-dPXV4QYHlasEdnUYDo0Q-OK5MzfeYUynBFxHYumyoSmLmvSx7EACZ29jTVEOqje?page=10 ...de experiencia en Java Experiencia...
Desarrollador Java manejo API,https://www.trabajando.cl/trabajo-empleo/region-metropolitana-de-santiago-java/trabajo/3424578/0aA-LB4Zpd1zBnKEnVkVVK6LuDlUQZPzS_h9G236fV2oxwAIQYqAcEc8g_TZG2Ld-dPXV4QYHlasEdnUYDo0Q-OK5MzfeYUynBFxHYumyoSmLmvSx7EACZ29jTVEOqje?page=10 ...de experiencia en Java Experiencia...
Analista Programador Java J2Ee Html5 Css3 Javascript,https://www.trabajando.cl/trabajo-empleo/region-metropolitana-de-santiago-java/trabajo/2493661/0aA-LB4Zpd1zBnKEnVkVVK6LuDlUQZPzS_h9G236fV2oxwAIQYqAcEc8g_TZG2Ld-dPXV4QYHlasEdnUYDo0Q-OK5MzfeYUynBFxHYumyoSmLmvSx7EACZ29jTVEOqje?page=10 ...de experiencia en Java Experiencia...
Analista Programador JAVA Struts SQL MVC,https://www.trabajando.cl/trabajo-empleo/region-metropolitana-de-santiago-java/trabajo/2707773/0aA-LB4Zpd1zBnKEnVkVVK6LuDlUQZPzS_h9G236fV2oxwAIQYqAcEc8g_TZG2Ld-dPXV4QYHlasEdnUYDo0Q-OK5MzfeYUynBFxHYumyoSmLmvSx7EACZ29jTVEOqje?page=10 ...de experiencia en Java Experiencia...
Consultor Java experiencia en plataforma WAS e integración con WSDL,https://www.trabajando.cl/trabajo-empleo/region-metropolitana-de-santiago-java/trabajo/3382791/0aA-LB4Zpd1zBnKEnVkVVK6LuDlUQZPzS_h9G236fV2oxwAIQYqAcEc8g_TZG2Ld-dPXV4QYHlasEdnUYDo0Q-OK5MzfeYUynBFxHYumyoSmLmvSx7EACZ29jTVEOqje?page=10 ...de experiencia en Java Experiencia...
Analista Programador Senior Java J2Ee Oracle Sql Experiencia 5 Años,https://www.trabajando.cl/trabajo-empleo/region-metropolitana-de-santiago-java/trabajo/2453151/0aA-LB4Zpd1zBnKEnVkVVK6LuDlUQZPzS_h9G236fV2oxwAIQYqAcEc8g_TZG2Ld-dPXV4QYHlasEdnUYDo0Q-OK5MzfeYUynBFxHYumyoSmLmvSx7EACZ29jTVEOqje?page=10 ...de experiencia en Java Experiencia...
Analista Programador Java J2Ee Oracle Soa Weblogic.Jboss,https://www.trabajando.cl/trabajo-empleo/region-metropolitana-de-santiago-java/trabajo/2554551/0aA-LB4Zpd1zBnKEnVkVVK6LuDlUQZPzS_h9G236fV2oxwAIQYqAcEc8g_TZG2Ld-dPXV4QYHlasEdnUYDo0Q-OK5MzfeYUynBFxHYumyoSmLmvSx7EACZ29jTVEOqje?page=10 ...de experiencia en Java Experiencia...
Programador Java JEE Spring Web Service Ingles fluido  manejo sistemas de comercio electronico,https://www.trabajando.cl/trabajo-empleo/region-metropolitana-de-santiago-java/trabajo/3126060/0aA-LB4Zpd1zBnKEnVkVVK6LuDlUQZPzS_h9G236fV2oxwAIQYqAcEc8g_TZG2Ld-dPXV4QYHlasEdnUYDo0Q-OK5MzfeYUynBFxHYumyoSmLmvSx7EACZ29jTVEOqje?page=10 ...de experiencia en Java Experiencia...
Desarrollador Java J2Ee Soa Base Datos Oracle Plsq - Sql Weblogic o Weblogic,https://www.trabajando.cl/trabajo-empleo/region-metropolitana-de-santiago-java/trabajo/2587437/0aA-LB4Zpd1zBnKEnVkVVK6LuDlUQZPzS_h9G236fV2oxwAIQYqAcEc8g_TZG2Ld-dPXV4QYHlasEdnUYDo0Q-OK5MzfeYUynBFxHYumyoSmLmvSx7EACZ29jTVEOqje?page=10 ...de experiencia en Java Experiencia...
Analista programador Java  mobile,https://www.trabajando.cl/trabajo-empleo/region-metropolitana-de-santiago-java/trabajo/3126494/0aA-LB4Zpd1zBnKEnVkVVK6LuDlUQZPzS_h9G236fV2oxwAIQYqAcEc8g_TZG2Ld-dPXV4QYHlasEdnUYDo0Q-OK5MzfeYUynBFxHYumyoSmLmvSx7EACZ29jTVEOqje?page=10 ...de experiencia en Java Experiencia...
Analista Programador Java J2Ee Liferay,https://www.trabajando.cl/trabajo-empleo/region-metropolitana-de-santiago-java/trabajo/2535485/0aA-LB4Zpd1zBnKEnVkVVK6LuDlUQZPzS_h9G236fV2oxwAIQYqAcEc8g_TZG2Ld-dPXV4QYHlasEdnUYDo0Q-OK5MzfeYUynBFxHYumyoSmLmvSx7EACZ29jTVEOqje?page=10 ...de experiencia en Java Experiencia...
Analista Programador Php Java Jsp Android,https://www.trabajando.cl/trabajo-empleo/region-metropolitana-de-santiago-java/trabajo/2491084/0aA-LB4Zpd1zBnKEnVkVVK6LuDlUQZPzS_h9G236fV2oxwAIQYqAcEc8g_TZG2Ld-dPXV4QYHlasEdnUYDo0Q-OK5MzfeYUynBFxHYumyoSmLmvSx7EACZ29jTVEOqje?page=10 ...de experiencia en Java Experiencia...
Analista desarrollador experiencia en Java e instalación de software,https://www.trabajando.cl/trabajo-empleo/region-metropolitana-de-santiago-java/trabajo/3511048/0aA-LB4Zpd1zBnKEnVkVVK6LuDlUQZPzS_h9G236fV2oxwAIQYqAcEc8g_TZG2Ld-dPXV4QYHlasEdnUYDo0Q-OK5MzfeYUynBFxHYumyoSmLmvSx7EACZ29jTVEOqje?page=10 ...de experiencia en Java Experiencia...
Desarrollador de aplicaciones Web JAVA. .NET PHP,https://www.trabajando.cl/trabajo-empleo/region-metropolitana-de-santiago-java/trabajo/3359238/0aA-LB4Zpd1zBnKEnVkVVK6LuDlUQZPzS_h9G236fV2oxwAIQYqAcEc8g_TZG2Ld-dPXV4QYHlasEdnUYDo0Q-OK5MzfeYUynBFxHYumyoSmLmvSx7EACZ29jTVEOqje?page=10 ...de experiencia en Java Experiencia...
Desarrollador Java JavaScript y metodologías ágiles,https://www.trabajando.cl/trabajo-empleo/region-metropolitana-de-santiago-java/trabajo/3461295/0aA-LB4Zpd1zBnKEnVkVVK6LuDlUQZPzS_h9G236fV2oxwAIQYqAcEc8g_TZG2Ld-dPXV4QYHlasEdnUYDo0Q-OK5MzfeYUynBFxHYumyoSmLmvSx7EACZ29jTVEOqje?page=10 ...de experiencia en Java Experiencia...
Analista Desarrollador Java AngularJS J2EE y Oracle,https://www.trabajando.cl/trabajo-empleo/region-metropolitana-de-santiago-java/trabajo/3742899/0aA-LB4Zpd1zBnKEnVkVVK6LuDlUQZPzS_h9G236fV2oxwAIQYqAcEc8g_TZG2Ld-dPXV4QYHlasEdnUYDo0Q-OK5MzfeYUynBFxHYumyoSmLmvSx7EACZ29jTVEOqje?page=10 ...de experiencia en Java Experiencia...
INGENIEROS DE DESARROLLO PLENO JAVA 7 SOAP REST LINUX INGLES TECNICO,https://www.trabajando.cl/trabajo-empleo/region-metropolitana-de-santiago-java/trabajo/3693951/0aA-LB4Zpd1zBnKEnVkVVK6LuDlUQZPzS_h9G236fV2oxwAIQYqAcEc8g_TZG2Ld-dPXV4QYHlasEdnUYDo0Q-OK5MzfeYUynBFxHYumyoSmLmvSx7EACZ29jTVEOqje?page=10 ...de experiencia en Java Experiencia...
Analista desarrollador Java base de datos metodologías ágiles,https://www.trabajando.cl/trabajo-empleo/region-metropolitana-de-santiago-java/trabajo/3663333/0aA-LB4Zpd1zBnKEnVkVVK6LuDlUQZPzS_h9G236fV2oxwAIQYqAcEc8g_TZG2Ld-dPXV4QYHlasEdnUYDo0Q-OK5MzfeYUynBFxHYumyoSmLmvSx7EACZ29jTVEOqje?page=10 ...de experiencia en Java Experiencia...
Analista Desarrollador Java Base de datos Oracle metodologías Ágiles.,https://www.trabajando.cl/trabajo-empleo/region-metropolitana-de-santiago-java/trabajo/3459607/0aA-LB4Zpd1zBnKEnVkVVK6LuDlUQZPzS_h9G236fV2oxwAIQYqAcEc8g_TZG2Ld-dPXV4QYHlasEdnUYDo0Q-OK5MzfeYUynBFxHYumyoSmLmvSx7EACZ29jTVEOqje?page=10 ...de experiencia en Java Experiencia...
Desarrolladores Java y Node JS,https://www.trabajando.cl/trabajo-empleo/region-metropolitana-de-santiago-java/trabajo/3649839/0aA-LB4Zpd1zBnKEnVkVVK6LuDlUQZPzS_h9G236fV2oxwAIQYqAcEc8g_TZG2Ld-dPXV4QYHlasEdnUYDo0Q-OK5MzfeYUynBFxHYumyoSmLmvSx7EACZ29jTVEOqje?page=10 ...de experiencia en Java Experiencia...
Desarrollador Java JavaScript y metodologías ágiles,https://www.trabajando.cl/trabajo-empleo/region-metropolitana-de-santiago-java/trabajo/3461301/0aA-LB4Zpd1zBnKEnVkVVK6LuDlUQZPzS_h9G236fV2oxwAIQYqAcEc8g_TZG2Ld-dPXV4QYHlasEdnUYDo0Q-OK5MzfeYUynBFxHYumyoSmLmvSx7EACZ29jTVEOqje?page=10 ...de experiencia en Java Experiencia...
ANALISTA PROGRAMADOR  JAVA E INSTALACIÓN DE SOFTWARE,https://www.trabajando.cl/trabajo-empleo/region-metropolitana-de-santiago-java/trabajo/3527285/0aA-LB4Zpd1zBnKEnVkVVK6LuDlUQZPzS_h9G236fV2oxwAIQYqAcEc8g_TZG2Ld-dPXV4QYHlasEdnUYDo0Q-OK5MzfeYUynBFxHYumyoSmLmvSx7EACZ29jTVEOqje?page=10 ...de experiencia en Java Experiencia...
Desarrollador Java Senior,https://www.trabajando.cl/trabajo-empleo/region-metropolitana-de-santiago-java/trabajo/3778939/0aA-LB4Zpd1zBnKEnVkVVK6LuDlUQZPzS_h9G236fV2oxwAIQYqAcEc8g_TZG2Ld-dPXV4QYHlasEdnUYDo0Q-OK5MzfeYUynBFxHYumyoSmLmvSx7EACZ29jTVEOqje?page=10 ...de experiencia en Java Experiencia...
Desarrollador JAVA BACKEND,https://www.trabajando.cl/trabajo-empleo/region-metropolitana-de-santiago-java/trabajo/3761563/0aA-LB4Zpd1zBnKEnVkVVK6LuDlUQZPzS_h9G236fV2oxwAIQYqAcEc8g_TZG2Ld-dPXV4QYHlasEdnUYDo0Q-OK5MzfeYUynBFxHYumyoSmLmvSx7EACZ29jTVEOqje?page=10 ...de experiencia en Java Experiencia...
Desarrollador Java Full Stack - Stgo. Centro (Metro Moneda),https://www.trabajando.cl/trabajo-empleo/region-metropolitana-de-santiago-java/trabajo/3790984/0aA-LB4Zpd1zBnKEnVkVVK6LuDlUQZPzS_h9G236fV2oxwAIQYqAcEc8g_TZG2Ld-dPXV4QYHlasEdnUYDo0Q-OK5MzfeYUynBFxHYumyoSmLmvSx7EACZ29jTVEOqje?page=10 ...de experiencia en Java Experiencia...
Desarrollador Java,https://www.trabajando.cl/trabajo-empleo/region-metropolitana-de-santiago-java/trabajo/3785433/0aA-LB4Zpd1zBnKEnVkVVK6LuDlUQZPzS_h9G236fV2oxwAIQYqAcEc8g_TZG2Ld-dPXV4QYHlasEdnUYDo0Q-OK5MzfeYUynBFxHYumyoSmLmvSx7EACZ29jTVEOqje?page=10 ...de experiencia en Java Experiencia...
Analista Desarrollador JAVA (Spring MVC) Plazo fijo e Indefinido Providencia.,https://www.trabajando.cl/trabajo-empleo/region-metropolitana-de-santiago-java/trabajo/3785671/0aA-LB4Zpd1zBnKEnVkVVK6LuDlUQZPzS_h9G236fV2oxwAIQYqAcEc8g_TZG2Ld-dPXV4QYHlasEdnUYDo0Q-OK5MzfeYUynBFxHYumyoSmLmvSx7EACZ29jTVEOqje?page=10 ...de experiencia en Java Experiencia...
Desarrollador de Software Java. Providencia,https://www.trabajando.cl/trabajo-empleo/region-metropolitana-de-santiago-java/trabajo/3776997/0aA-LB4Zpd1zBnKEnVkVVK6LuDlUQZPzS_h9G236fV2oxwAIQYqAcEc8g_TZG2Ld-dPXV4QYHlasEdnUYDo0Q-OK5MzfeYUynBFxHYumyoSmLmvSx7EACZ29jTVEOqje?page=10 ...de experiencia en Java Experiencia...
Desarrollador De Software (Java),https://www.trabajando.cl/trabajo-empleo/region-metropolitana-de-santiago-java/trabajo/3790773/0aA-LB4Zpd1zBnKEnVkVVK6LuDlUQZPzS_h9G236fV2oxwAIQYqAcEc8g_TZG2Ld-dPXV4QYHlasEdnUYDo0Q-OK5MzfeYUynBFxHYumyoSmLmvSx7EACZ29jTVEOqje?page=10 ...de experiencia en Java Experiencia...
Desarrollador Java - Huechuraba,https://www.trabajando.cl/trabajo-empleo/region-metropolitana-de-santiago-java/trabajo/3790751/0aA-LB4Zpd1zBnKEnVkVVK6LuDlUQZPzS_h9G236fV2oxwAIQYqAcEc8g_TZG2Ld-dPXV4QYHlasEdnUYDo0Q-OK5MzfeYUynBFxHYumyoSmLmvSx7EACZ29jTVEOqje?page=10 ...de experiencia en Java Experiencia...
Ingeniero De Software (Java),https://www.trabajando.cl/trabajo-empleo/region-metropolitana-de-santiago-java/trabajo/3789506/0aA-LB4Zpd1zBnKEnVkVVK6LuDlUQZPzS_h9G236fV2oxwAIQYqAcEc8g_TZG2Ld-dPXV4QYHlasEdnUYDo0Q-OK5MzfeYUynBFxHYumyoSmLmvSx7EACZ29jTVEOqje?page=10 ...de experiencia en Java Experiencia...
Desarrollador JAVA,https://www.trabajando.cl/trabajo-empleo/region-metropolitana-de-santiago-java/trabajo/3789119/0aA-LB4Zpd1zBnKEnVkVVK6LuDlUQZPzS_h9G236fV2oxwAIQYqAcEc8g_TZG2Ld-dPXV4QYHlasEdnUYDo0Q-OK5MzfeYUynBFxHYumyoSmLmvSx7EACZ29jTVEOqje?page=10 ...de experiencia en Java Experiencia...
Desarrollador Java,https://www.trabajando.cl/trabajo-empleo/region-metropolitana-de-santiago-java/trabajo/3790606/0aA-LB4Zpd1zBnKEnVkVVK6LuDlUQZPzS_h9G236fV2oxwAIQYqAcEc8g_TZG2Ld-dPXV4QYHlasEdnUYDo0Q-OK5MzfeYUynBFxHYumyoSmLmvSx7EACZ29jTVEOqje?page=10 ...de experiencia en Java Experiencia...
Desarrollador Full Stack Java - Metro Moneda,https://www.trabajando.cl/trabajo-empleo/region-metropolitana-de-santiago-java/trabajo/3789625/0aA-LB4Zpd1zBnKEnVkVVK6LuDlUQZPzS_h9G236fV2oxwAIQYqAcEc8g_TZG2Ld-dPXV4QYHlasEdnUYDo0Q-OK5MzfeYUynBFxHYumyoSmLmvSx7EACZ29jTVEOqje?page=10 ...de experiencia en Java Experiencia...
Desarrollador Java (Exp. en .NET) - Metro Moneda,https://www.trabajando.cl/trabajo-empleo/region-metropolitana-de-santiago-java/trabajo/3787761/0aA-LB4Zpd1zBnKEnVkVVK6LuDlUQZPzS_h9G236fV2oxwAIQYqAcEc8g_TZG2Ld-dPXV4QYHlasEdnUYDo0Q-OK5MzfeYUynBFxHYumyoSmLmvSx7EACZ29jTVEOqje?page=10 ...de experiencia en Java Experiencia...
Desarrollador Java,https://www.trabajando.cl/trabajo-empleo/region-metropolitana-de-santiago-java/trabajo/3784492/0aA-LB4Zpd1zBnKEnVkVVK6LuDlUQZPzS_h9G236fV2oxwAIQYqAcEc8g_TZG2Ld-dPXV4QYHlasEdnUYDo0Q-OK5MzfeYUynBFxHYumyoSmLmvSx7EACZ29jTVEOqje?page=10 ...de experiencia en Java Experiencia...
Desarrollador Java,https://www.trabajando.cl/trabajo-empleo/region-metropolitana-de-santiago-java/trabajo/3787652/0aA-LB4Zpd1zBnKEnVkVVK6LuDlUQZPzS_h9G236fV2oxwAIQYqAcEc8g_TZG2Ld-dPXV4QYHlasEdnUYDo0Q-OK5MzfeYUynBFxHYumyoSmLmvSx7EACZ29jTVEOqje?page=10 ...de experiencia en Java Experiencia...
Analista desarrollador Java Backend - 11667,https://www.trabajando.cl/trabajo-empleo/region-metropolitana-de-santiago-java/trabajo/3687450/0aA-LB4Zpd1zBnKEnVkVVK6LuDlUQZPzS_h9G236fV2oxwAIQYqAcEc8g_TZG2Ld-dPXV4QYHlasEdnUYDo0Q-OK5MzfeYUynBFxHYumyoSmLmvSx7EACZ29jTVEOqje?page=10 ...de experiencia en Java Experiencia...
Programador JAVA,https://www.trabajando.cl/trabajo-empleo/region-metropolitana-de-santiago-java/trabajo/3531679/0aA-LB4Zpd1zBnKEnVkVVK6LuDlUQZPzS_h9G236fV2oxwAIQYqAcEc8g_TZG2Ld-dPXV4QYHlasEdnUYDo0Q-OK5MzfeYUynBFxHYumyoSmLmvSx7EACZ29jTVEOqje?page=10 ...de experiencia en Java Experiencia...
Desarrollador Java - 5819,https://www.trabajando.cl/trabajo-empleo/region-metropolitana-de-santiago-java/trabajo/3685484/0aA-LB4Zpd1zBnKEnVkVVK6LuDlUQZPzS_h9G236fV2oxwAIQYqAcEc8g_TZG2Ld-dPXV4QYHlasEdnUYDo0Q-OK5MzfeYUynBFxHYumyoSmLmvSx7EACZ29jTVEOqje?page=10 ...de experiencia en Java Experiencia...
11737 - Analista Programador JAVA,https://www.trabajando.cl/trabajo-empleo/region-metropolitana-de-santiago-java/trabajo/3753749/0aA-LB4Zpd1zBnKEnVkVVK6LuDlUQZPzS_h9G236fV2oxwAIQYqAcEc8g_TZG2Ld-dPXV4QYHlasEdnUYDo0Q-OK5MzfeYUynBFxHYumyoSmLmvSx7EACZ29jTVEOqje?page=10 ...de experiencia en Java Experiencia...
5856 Programador JAVA,https://www.trabajando.cl/trabajo-empleo/region-metropolitana-de-santiago-java/trabajo/3722815/0aA-LB4Zpd1zBnKEnVkVVK6LuDlUQZPzS_h9G236fV2oxwAIQYqAcEc8g_TZG2Ld-dPXV4QYHlasEdnUYDo0Q-OK5MzfeYUynBFxHYumyoSmLmvSx7EACZ29jTVEOqje?page=10 ...de experiencia en Java Experiencia...
Desarrollador Backend JAVA - 11606,https://www.trabajando.cl/trabajo-empleo/region-metropolitana-de-santiago-java/trabajo/3657574/0aA-LB4Zpd1zBnKEnVkVVK6LuDlUQZPzS_h9G236fV2oxwAIQYqAcEc8g_TZG2Ld-dPXV4QYHlasEdnUYDo0Q-OK5MzfeYUynBFxHYumyoSmLmvSx7EACZ29jTVEOqje?page=10 ...de experiencia en Java Experiencia...
Desarrollador JAVA Senior,https://www.trabajando.cl/trabajo-empleo/region-metropolitana-de-santiago-java/trabajo/3726494/0aA-LB4Zpd1zBnKEnVkVVK6LuDlUQZPzS_h9G236fV2oxwAIQYqAcEc8g_TZG2Ld-dPXV4QYHlasEdnUYDo0Q-OK5MzfeYUynBFxHYumyoSmLmvSx7EACZ29jTVEOqje?page=10 ...de experiencia en Java Experiencia...
DESARROLLADOR JAVA 11299,https://www.trabajando.cl/trabajo-empleo/region-metropolitana-de-santiago-java/trabajo/3563268/0aA-LB4Zpd1zBnKEnVkVVK6LuDlUQZPzS_h9G236fV2oxwAIQYqAcEc8g_TZG2Ld-dPXV4QYHlasEdnUYDo0Q-OK5MzfeYUynBFxHYumyoSmLmvSx7EACZ29jTVEOqje?page=10 ...de experiencia en Java Experiencia...
11098 Lider Técnico JAVA,https://www.trabajando.cl/trabajo-empleo/region-metropolitana-de-santiago-java/trabajo/3444487/0aA-LB4Zpd1zBnKEnVkVVK6LuDlUQZPzS_h9G236fV2oxwAIQYqAcEc8g_TZG2Ld-dPXV4QYHlasEdnUYDo0Q-OK5MzfeYUynBFxHYumyoSmLmvSx7EACZ29jTVEOqje?page=10 ...de experiencia en Java Experiencia...
Analista programador JAVA,https://www.trabajando.cl/trabajo-empleo/region-metropolitana-de-santiago-java/trabajo/3574317/0aA-LB4Zpd1zBnKEnVkVVK6LuDlUQZPzS_h9G236fV2oxwAIQYqAcEc8g_TZG2Ld-dPXV4QYHlasEdnUYDo0Q-OK5MzfeYUynBFxHYumyoSmLmvSx7EACZ29jTVEOqje?page=10 ...de experiencia en Java Experiencia...
Desarrollador Java / J2EE - 5885,https://www.trabajando.cl/trabajo-empleo/region-metropolitana-de-santiago-java/trabajo/3739415/0aA-LB4Zpd1zBnKEnVkVVK6LuDlUQZPzS_h9G236fV2oxwAIQYqAcEc8g_TZG2Ld-dPXV4QYHlasEdnUYDo0Q-OK5MzfeYUynBFxHYumyoSmLmvSx7EACZ29jTVEOqje?page=10 ...de experiencia en Java Experiencia...
Analista Programador Java,https://www.trabajando.cl/trabajo-empleo/region-metropolitana-de-santiago-java/trabajo/3423329/0aA-LB4Zpd1zBnKEnVkVVK6LuDlUQZPzS_h9G236fV2oxwAIQYqAcEc8g_TZG2Ld-dPXV4QYHlasEdnUYDo0Q-OK5MzfeYUynBFxHYumyoSmLmvSx7EACZ29jTVEOqje?page=10 ...de experiencia en Java Experiencia...
Analista Programador JAVA 11410,https://www.trabajando.cl/trabajo-empleo/region-metropolitana-de-santiago-java/trabajo/3618171/0aA-LB4Zpd1zBnKEnVkVVK6LuDlUQZPzS_h9G236fV2oxwAIQYqAcEc8g_TZG2Ld-dPXV4QYHlasEdnUYDo0Q-OK5MzfeYUynBFxHYumyoSmLmvSx7EACZ29jTVEOqje?page=10 ...de experiencia en Java Experiencia...
DESARROLLADOR JAVA SEMISENIOR 5809,https://www.trabajando.cl/trabajo-empleo/region-metropolitana-de-santiago-java/trabajo/3758486/0aA-LB4Zpd1zBnKEnVkVVK6LuDlUQZPzS_h9G236fV2oxwAIQYqAcEc8g_TZG2Ld-dPXV4QYHlasEdnUYDo0Q-OK5MzfeYUynBFxHYumyoSmLmvSx7EACZ29jTVEOqje?page=10 ...de experiencia en Java Experiencia...
Cód. 10489 Programador JAVA,https://www.trabajando.cl/trabajo-empleo/region-metropolitana-de-santiago-java/trabajo/3199449/0aA-LB4Zpd1zBnKEnVkVVK6LuDlUQZPzS_h9G236fV2oxwAIQYqAcEc8g_TZG2Ld-dPXV4QYHlasEdnUYDo0Q-OK5MzfeYUynBFxHYumyoSmLmvSx7EACZ29jTVEOqje?page=10 ...de experiencia en Java Experiencia...
Desarrollador Java - 5921,https://www.trabajando.cl/trabajo-empleo/region-metropolitana-de-santiago-java/trabajo/3766604/0aA-LB4Zpd1zBnKEnVkVVK6LuDlUQZPzS_h9G236fV2oxwAIQYqAcEc8g_TZG2Ld-dPXV4QYHlasEdnUYDo0Q-OK5MzfeYUynBFxHYumyoSmLmvSx7EACZ29jTVEOqje?page=10 ...de experiencia en Java Experiencia...
Ingeniero de desarrollo JAVA,https://www.trabajando.cl/trabajo-empleo/region-metropolitana-de-santiago-java/trabajo/3758381/0aA-LB4Zpd1zBnKEnVkVVK6LuDlUQZPzS_h9G236fV2oxwAIQYqAcEc8g_TZG2Ld-dPXV4QYHlasEdnUYDo0Q-OK5MzfeYUynBFxHYumyoSmLmvSx7EACZ29jTVEOqje?page=10 ...de experiencia en Java Experiencia...
Lider Técnico JAVA,https://www.trabajando.cl/trabajo-empleo/region-metropolitana-de-santiago-java/trabajo/3417436/0aA-LB4Zpd1zBnKEnVkVVK6LuDlUQZPzS_h9G236fV2oxwAIQYqAcEc8g_TZG2Ld-dPXV4QYHlasEdnUYDo0Q-OK5MzfeYUynBFxHYumyoSmLmvSx7EACZ29jTVEOqje?page=10 ...de experiencia en Java Experiencia...
Desarrollador Java,https://www.trabajando.cl/trabajo-empleo/region-metropolitana-de-santiago-java/trabajo/3772136/0aA-LB4Zpd1zBnKEnVkVVK6LuDlUQZPzS_h9G236fV2oxwAIQYqAcEc8g_TZG2Ld-dPXV4QYHlasEdnUYDo0Q-OK5MzfeYUynBFxHYumyoSmLmvSx7EACZ29jTVEOqje?page=10 ...de experiencia en Java Experiencia...
Desarrolladores Java Spring Boot,https://www.trabajando.cl/trabajo-empleo/region-metropolitana-de-santiago-java/trabajo/3790121/0aA-LB4Zpd1zBnKEnVkVVK6LuDlUQZPzS_h9G236fV2oxwAIQYqAcEc8g_TZG2Ld-dPXV4QYHlasEdnUYDo0Q-OK5MzfeYUynBFxHYumyoSmLmvSx7EACZ29jTVEOqje?page=10 ...de experiencia en Java Experiencia...
Jefe de proyectos Senior (JAVA),https://www.trabajando.cl/trabajo-empleo/region-metropolitana-de-santiago-java/trabajo/3761541/0aA-LB4Zpd1zBnKEnVkVVK6LuDlUQZPzS_h9G236fV2oxwAIQYqAcEc8g_TZG2Ld-dPXV4QYHlasEdnUYDo0Q-OK5MzfeYUynBFxHYumyoSmLmvSx7EACZ29jTVEOqje?page=10 ...de experiencia en Java Experiencia...
Desarrolladores Java JSF,https://www.trabajando.cl/trabajo-empleo/region-metropolitana-de-santiago-java/trabajo/3790105/0aA-LB4Zpd1zBnKEnVkVVK6LuDlUQZPzS_h9G236fV2oxwAIQYqAcEc8g_TZG2Ld-dPXV4QYHlasEdnUYDo0Q-OK5MzfeYUynBFxHYumyoSmLmvSx7EACZ29jTVEOqje?page=10 ...de experiencia en Java Experiencia...
Desarrolladores Java,https://www.trabajando.cl/trabajo-empleo/region-metropolitana-de-santiago-java/trabajo/3790083/0aA-LB4Zpd1zBnKEnVkVVK6LuDlUQZPzS_h9G236fV2oxwAIQYqAcEc8g_TZG2Ld-dPXV4QYHlasEdnUYDo0Q-OK5MzfeYUynBFxHYumyoSmLmvSx7EACZ29jTVEOqje?page=10 ...de experiencia en Java Experiencia...
Ingeniero de Software (JAVA),https://www.trabajando.cl/trabajo-empleo/region-metropolitana-de-santiago-java/trabajo/3477562/0aA-LB4Zpd1zBnKEnVkVVK6LuDlUQZPzS_h9G236fV2oxwAIQYqAcEc8g_TZG2Ld-dPXV4QYHlasEdnUYDo0Q-OK5MzfeYUynBFxHYumyoSmLmvSx7EACZ29jTVEOqje?page=10 ...de experiencia en Java Experiencia...
Ingeniero de Software (JAVA Junior),https://www.trabajando.cl/trabajo-empleo/region-metropolitana-de-santiago-java/trabajo/3477573/0aA-LB4Zpd1zBnKEnVkVVK6LuDlUQZPzS_h9G236fV2oxwAIQYqAcEc8g_TZG2Ld-dPXV4QYHlasEdnUYDo0Q-OK5MzfeYUynBFxHYumyoSmLmvSx7EACZ29jTVEOqje?page=10 ...de experiencia en Java Experiencia...
Ingeniero de Software (JAVA / Openshift),https://www.trabajando.cl/trabajo-empleo/region-metropolitana-de-santiago-java/trabajo/3494726/0aA-LB4Zpd1zBnKEnVkVVK6LuDlUQZPzS_h9G236fV2oxwAIQYqAcEc8g_TZG2Ld-dPXV4QYHlasEdnUYDo0Q-OK5MzfeYUynBFxHYumyoSmLmvSx7EACZ29jTVEOqje?page=10 ...de experiencia en Java Experiencia...
Desarrollador Java Full stack REACT,https://www.trabajando.cl/trabajo-empleo/region-metropolitana-de-santiago-java/trabajo/3637200/0aA-LB4Zpd1zBnKEnVkVVK6LuDlUQZPzS_h9G236fV2oxwAIQYqAcEc8g_TZG2Ld-dPXV4QYHlasEdnUYDo0Q-OK5MzfeYUynBFxHYumyoSmLmvSx7EACZ29jTVEOqje?page=10 ...de experiencia en Java Experiencia...
BackEnd JAVA,https://www.trabajando.cl/trabajo-empleo/region-metropolitana-de-santiago-java/trabajo/3725523/0aA-LB4Zpd1zBnKEnVkVVK6LuDlUQZPzS_h9G236fV2oxwAIQYqAcEc8g_TZG2Ld-dPXV4QYHlasEdnUYDo0Q-OK5MzfeYUynBFxHYumyoSmLmvSx7EACZ29jTVEOqje?page=10 ...de experiencia en Java Experiencia...
Desarrollador Back End JAVA,https://www.trabajando.cl/trabajo-empleo/region-metropolitana-de-santiago-java/trabajo/3772822/0aA-LB4Zpd1zBnKEnVkVVK6LuDlUQZPzS_h9G236fV2oxwAIQYqAcEc8g_TZG2Ld-dPXV4QYHlasEdnUYDo0Q-OK5MzfeYUynBFxHYumyoSmLmvSx7EACZ29jTVEOqje?page=10 ...de experiencia en Java Experiencia...
Desarrollador Java,https://www.trabajando.cl/trabajo-empleo/region-metropolitana-de-santiago-java/trabajo/3782821/0aA-LB4Zpd1zBnKEnVkVVK6LuDlUQZPzS_h9G236fV2oxwAIQYqAcEc8g_TZG2Ld-dPXV4QYHlasEdnUYDo0Q-OK5MzfeYUynBFxHYumyoSmLmvSx7EACZ29jTVEOqje?page=10 ...de experiencia en Java Experiencia...
Desarrollador Java- Struts. Indefinido.,https://www.trabajando.cl/trabajo-empleo/region-metropolitana-de-santiago-java/trabajo/3782366/0aA-LB4Zpd1zBnKEnVkVVK6LuDlUQZPzS_h9G236fV2oxwAIQYqAcEc8g_TZG2Ld-dPXV4QYHlasEdnUYDo0Q-OK5MzfeYUynBFxHYumyoSmLmvSx7EACZ29jTVEOqje?page=10 ...de experiencia en Java Experiencia...
Full-Stack Java/Angular Developer,https://www.trabajando.cl/trabajo-empleo/region-metropolitana-de-santiago-java/trabajo/3782654/0aA-LB4Zpd1zBnKEnVkVVK6LuDlUQZPzS_h9G236fV2oxwAIQYqAcEc8g_TZG2Ld-dPXV4QYHlasEdnUYDo0Q-OK5MzfeYUynBFxHYumyoSmLmvSx7EACZ29jTVEOqje?page=10 ...de experiencia en Java Experiencia...
Desarrollador Java-Procesos Batch,https://www.trabajando.cl/trabajo-empleo/region-metropolitana-de-santiago-java/trabajo/3782840/0aA-LB4Zpd1zBnKEnVkVVK6LuDlUQZPzS_h9G236fV2oxwAIQYqAcEc8g_TZG2Ld-dPXV4QYHlasEdnUYDo0Q-OK5MzfeYUynBFxHYumyoSmLmvSx7EACZ29jTVEOqje?page=10 ...de experiencia en Java Experiencia...
ID 12681 Desarrollador Java Santiago,https://www.trabajando.cl/trabajo-empleo/region-metropolitana-de-santiago-java/trabajo/3783926/0aA-LB4Zpd1zBnKEnVkVVK6LuDlUQZPzS_h9G236fV2oxwAIQYqAcEc8g_TZG2Ld-dPXV4QYHlasEdnUYDo0Q-OK5MzfeYUynBFxHYumyoSmLmvSx7EACZ29jTVEOqje?page=10 ...de experiencia en Java Experiencia...
Práctica profesional Desarrollo de aplicaciones Java,https://www.trabajando.cl/trabajo-empleo/region-metropolitana-de-santiago-java/trabajo/3663157/0aA-LB4Zpd1zBnKEnVkVVK6LuDlUQZPzS_h9G236fV2oxwAIQYqAcEc8g_TZG2Ld-dPXV4QYHlasEdnUYDo0Q-OK5MzfeYUynBFxHYumyoSmLmvSx7EACZ29jTVEOqje?page=10 ...de experiencia en Java Experiencia...
Práctica profesional Desarrollo de aplicaciones Java,https://www.trabajando.cl/trabajo-empleo/region-metropolitana-de-santiago-java/trabajo/3652209/0aA-LB4Zpd1zBnKEnVkVVK6LuDlUQZPzS_h9G236fV2oxwAIQYqAcEc8g_TZG2Ld-dPXV4QYHlasEdnUYDo0Q-OK5MzfeYUynBFxHYumyoSmLmvSx7EACZ29jTVEOqje?page=10 ...de experiencia en Java Experiencia...
Ingeniero desarrollo JAVA JUNIOR,https://www.trabajando.cl/trabajo-empleo/region-metropolitana-de-santiago-java/trabajo/3781338/0aA-LB4Zpd1zBnKEnVkVVK6LuDlUQZPzS_h9G236fV2oxwAIQYqAcEc8g_TZG2Ld-dPXV4QYHlasEdnUYDo0Q-OK5MzfeYUynBFxHYumyoSmLmvSx7EACZ29jTVEOqje?page=10 ...de experiencia en Java Experiencia...
Desarrolladores  Java Fullstack,https://www.trabajando.cl/trabajo-empleo/region-metropolitana-de-santiago-java/trabajo/3781570/0aA-LB4Zpd1zBnKEnVkVVK6LuDlUQZPzS_h9G236fV2oxwAIQYqAcEc8g_TZG2Ld-dPXV4QYHlasEdnUYDo0Q-OK5MzfeYUynBFxHYumyoSmLmvSx7EACZ29jTVEOqje?page=10 ...de experiencia en Java Experiencia...
Programador JAVA con SPRING BOOT y PL/SQL,https://www.trabajando.cl/trabajo-empleo/region-metropolitana-de-santiago-java/trabajo/3741266/0aA-LB4Zpd1zBnKEnVkVVK6LuDlUQZPzS_h9G236fV2oxwAIQYqAcEc8g_TZG2Ld-dPXV4QYHlasEdnUYDo0Q-OK5MzfeYUynBFxHYumyoSmLmvSx7EACZ29jTVEOqje?page=10 ...de experiencia en Java Experiencia...
Desarrollador Java FrontEnd,https://www.trabajando.cl/trabajo-empleo/region-metropolitana-de-santiago-java/trabajo/3639635/0aA-LB4Zpd1zBnKEnVkVVK6LuDlUQZPzS_h9G236fV2oxwAIQYqAcEc8g_TZG2Ld-dPXV4QYHlasEdnUYDo0Q-OK5MzfeYUynBFxHYumyoSmLmvSx7EACZ29jTVEOqje?page=10 ...de experiencia en Java Experiencia...
Desarrollador Java BackEnd,https://www.trabajando.cl/trabajo-empleo/region-metropolitana-de-santiago-java/trabajo/3639709/0aA-LB4Zpd1zBnKEnVkVVK6LuDlUQZPzS_h9G236fV2oxwAIQYqAcEc8g_TZG2Ld-dPXV4QYHlasEdnUYDo0Q-OK5MzfeYUynBFxHYumyoSmLmvSx7EACZ29jTVEOqje?page=10 ...de experiencia en Java Experiencia...
Analista Programador experiencia en WebSphere Portal Tecnologias Web Java.,https://www.trabajando.cl/trabajo-empleo/region-metropolitana-de-santiago-java/trabajo/3388770/0aA-LB4Zpd1zBnKEnVkVVK6LuDlUQZPzS_h9G236fV2oxwAIQYqAcEc8g_TZG2Ld-dPXV4QYHlasEdnUYDo0Q-OK5MzfeYUynBFxHYumyoSmLmvSx7EACZ29jTVEOqje?page=10 ...de experiencia en Java Experiencia...
Desarrollador Backend Java J2ee Soa Git Spring,https://www.trabajando.cl/trabajo-empleo/region-metropolitana-de-santiago-java/trabajo/3771051/0aA-LB4Zpd1zBnKEnVkVVK6LuDlUQZPzS_h9G236fV2oxwAIQYqAcEc8g_TZG2Ld-dPXV4QYHlasEdnUYDo0Q-OK5MzfeYUynBFxHYumyoSmLmvSx7EACZ29jTVEOqje?page=10 ...de experiencia en Java Experiencia...
Ingeniero Software manejo Java HTML - CSS,https://www.trabajando.cl/trabajo-empleo/region-metropolitana-de-santiago-java/trabajo/3364913/0aA-LB4Zpd1zBnKEnVkVVK6LuDlUQZPzS_h9G236fV2oxwAIQYqAcEc8g_TZG2Ld-dPXV4QYHlasEdnUYDo0Q-OK5MzfeYUynBFxHYumyoSmLmvSx7EACZ29jTVEOqje?page=10 ...de experiencia en Java Experiencia...
Ingeniero de datos experiencia con analítica Ecommerce JavaScript PHP Tag manager Web Analitics,https://www.trabajando.cl/trabajo-empleo/region-metropolitana-de-santiago-java/trabajo/3743826/0aA-LB4Zpd1zBnKEnVkVVK6LuDlUQZPzS_h9G236fV2oxwAIQYqAcEc8g_TZG2Ld-dPXV4QYHlasEdnUYDo0Q-OK5MzfeYUynBFxHYumyoSmLmvSx7EACZ29jTVEOqje?page=10 ...de experiencia en Java Experiencia...
ING  INFORMÁTICA CIVIL EXPERIENCIA 7 AÑOS JAVA EMPRESARIAL,https://www.trabajando.cl/trabajo-empleo/region-metropolitana-de-santiago-java/trabajo/3546021/0aA-LB4Zpd1zBnKEnVkVVK6LuDlUQZPzS_h9G236fV2oxwAIQYqAcEc8g_TZG2Ld-dPXV4QYHlasEdnUYDo0Q-OK5MzfeYUynBFxHYumyoSmLmvSx7EACZ29jTVEOqje?page=10 ...de experiencia en Java Experiencia...
Analista Programador Java Angular y Metodologias Agiles Scrum proyecto 1 año,https://www.trabajando.cl/trabajo-empleo/region-metropolitana-de-santiago-java/trabajo/2930450/0aA-LB4Zpd1zBnKEnVkVVK6LuDlUQZPzS_h9G236fV2oxwAIQYqAcEc8g_TZG2Ld-dPXV4QYHlasEdnUYDo0Q-OK5MzfeYUynBFxHYumyoSmLmvSx7EACZ29jTVEOqje?page=10 ...de experiencia en Java Experiencia...
Desarrollador Aplicaciones Java Metodologias Agiles,https://www.trabajando.cl/trabajo-empleo/region-metropolitana-de-santiago-java/trabajo/3156800/0aA-LB4Zpd1zBnKEnVkVVK6LuDlUQZPzS_h9G236fV2oxwAIQYqAcEc8g_TZG2Ld-dPXV4QYHlasEdnUYDo0Q-OK5MzfeYUynBFxHYumyoSmLmvSx7EACZ29jTVEOqje?page=10 ...de experiencia en Java Experiencia...
Analista Programador Java Datastage Sql.,https://www.trabajando.cl/trabajo-empleo/region-metropolitana-de-santiago-java/trabajo/2551555/0aA-LB4Zpd1zBnKEnVkVVK6LuDlUQZPzS_h9G236fV2oxwAIQYqAcEc8g_TZG2Ld-dPXV4QYHlasEdnUYDo0Q-OK5MzfeYUynBFxHYumyoSmLmvSx7EACZ29jTVEOqje?page=10 ...de experiencia en Java Experiencia...
Analistas Programadores Java J2Ee Base Datos,https://www.trabajando.cl/trabajo-empleo/region-metropolitana-de-santiago-java/trabajo/2369732/0aA-LB4Zpd1zBnKEnVkVVK6LuDlUQZPzS_h9G236fV2oxwAIQYqAcEc8g_TZG2Ld-dPXV4QYHlasEdnUYDo0Q-OK5MzfeYUynBFxHYumyoSmLmvSx7EACZ29jTVEOqje?page=10 ...de experiencia en Java Experiencia...
Arquitecto de Software Java J2Ee Proyecto 7 Meses con Extension,https://www.trabajando.cl/trabajo-empleo/region-metropolitana-de-santiago-java/trabajo/2383163/0aA-LB4Zpd1zBnKEnVkVVK6LuDlUQZPzS_h9G236fV2oxwAIQYqAcEc8g_TZG2Ld-dPXV4QYHlasEdnUYDo0Q-OK5MzfeYUynBFxHYumyoSmLmvSx7EACZ29jTVEOqje?page=10 ...de experiencia en Java Experiencia...
Analista Programador Java Spring Maven Mybatis Eclipse Proyecto 1 año,https://www.trabajando.cl/trabajo-empleo/region-metropolitana-de-santiago-java/trabajo/2465566/0aA-LB4Zpd1zBnKEnVkVVK6LuDlUQZPzS_h9G236fV2oxwAIQYqAcEc8g_TZG2Ld-dPXV4QYHlasEdnUYDo0Q-OK5MzfeYUynBFxHYumyoSmLmvSx7EACZ29jTVEOqje?page=10 ...de experiencia en Java Experiencia...
Jefe Proyecto Java Oracle  y Metodologias Agiles Disponibilidad Inmediata,https://www.trabajando.cl/trabajo-empleo/region-metropolitana-de-santiago-java/trabajo/2574297/0aA-LB4Zpd1zBnKEnVkVVK6LuDlUQZPzS_h9G236fV2oxwAIQYqAcEc8g_TZG2Ld-dPXV4QYHlasEdnUYDo0Q-OK5MzfeYUynBFxHYumyoSmLmvSx7EACZ29jTVEOqje?page=10 ...de experiencia en Java Experiencia...
Desarrollador Full Stack Java J2ee Soa Git,https://www.trabajando.cl/trabajo-empleo/region-metropolitana-de-santiago-java/trabajo/3770845/0aA-LB4Zpd1zBnKEnVkVVK6LuDlUQZPzS_h9G236fV2oxwAIQYqAcEc8g_TZG2Ld-dPXV4QYHlasEdnUYDo0Q-OK5MzfeYUynBFxHYumyoSmLmvSx7EACZ29jTVEOqje?page=10 ...de experiencia en Java Experiencia...
Analista Programador Java/J2EE Trainee Inglés avanzado,https://www.trabajando.cl/trabajo-empleo/region-metropolitana-de-santiago-java/trabajo/3486040/0aA-LB4Zpd1zBnKEnVkVVK6LuDlUQZPzS_h9G236fV2oxwAIQYqAcEc8g_TZG2Ld-dPXV4QYHlasEdnUYDo0Q-OK5MzfeYUynBFxHYumyoSmLmvSx7EACZ29jTVEOqje?page=10 ...de experiencia en Java Experiencia...
Lider Técnico Java,https://www.trabajando.cl/trabajo-empleo/region-metropolitana-de-santiago-java/trabajo/3779477/0aA-LB4Zpd1zBnKEnVkVVK6LuDlUQZPzS_h9G236fV2oxwAIQYqAcEc8g_TZG2Ld-dPXV4QYHlasEdnUYDo0Q-OK5MzfeYUynBFxHYumyoSmLmvSx7EACZ29jTVEOqje?page=10 ...de experiencia en Java Experiencia...
Ingeniero Java,https://www.trabajando.cl/trabajo-empleo/region-metropolitana-de-santiago-java/trabajo/3728580/0aA-LB4Zpd1zBnKEnVkVVK6LuDlUQZPzS_h9G236fV2oxwAIQYqAcEc8g_TZG2Ld-dPXV4QYHlasEdnUYDo0Q-OK5MzfeYUynBFxHYumyoSmLmvSx7EACZ29jTVEOqje?page=10 ...de experiencia en Java Experiencia...
Programador NodeJS y JavaScript,https://www.trabajando.cl/trabajo-empleo/region-metropolitana-de-santiago-java/trabajo/3779823/0aA-LB4Zpd1zBnKEnVkVVK6LuDlUQZPzS_h9G236fV2oxwAIQYqAcEc8g_TZG2Ld-dPXV4QYHlasEdnUYDo0Q-OK5MzfeYUynBFxHYumyoSmLmvSx7EACZ29jTVEOqje?page=10 ...de experiencia en Java Experiencia...
Programador JavaScript- React,https://www.trabajando.cl/trabajo-empleo/region-metropolitana-de-santiago-java/trabajo/3779826/0aA-LB4Zpd1zBnKEnVkVVK6LuDlUQZPzS_h9G236fV2oxwAIQYqAcEc8g_TZG2Ld-dPXV4QYHlasEdnUYDo0Q-OK5MzfeYUynBFxHYumyoSmLmvSx7EACZ29jTVEOqje?page=10 ...de experiencia en Java Experiencia...
Desarrollador Java Senior,https://www.trabajando.cl/trabajo-empleo/region-metropolitana-de-santiago-java/trabajo/3453777/0aA-LB4Zpd1zBnKEnVkVVK6LuDlUQZPzS_h9G236fV2oxwAIQYqAcEc8g_TZG2Ld-dPXV4QYHlasEdnUYDo0Q-OK5MzfeYUynBFxHYumyoSmLmvSx7EACZ29jTVEOqje?page=10 ...de experiencia en Java Experiencia...
Analista Desarrollador JAVA  & Administrador de Siistemas,https://www.trabajando.cl/trabajo-empleo/region-metropolitana-de-santiago-java/trabajo/3125095/0aA-LB4Zpd1zBnKEnVkVVK6LuDlUQZPzS_h9G236fV2oxwAIQYqAcEc8g_TZG2Ld-dPXV4QYHlasEdnUYDo0Q-OK5MzfeYUynBFxHYumyoSmLmvSx7EACZ29jTVEOqje?page=10 ...de experiencia en Java Experiencia...
Consultor SAP ABAP-JAVA. Webdynpro,https://www.trabajando.cl/trabajo-empleo/region-metropolitana-de-santiago-java/trabajo/3561975/0aA-LB4Zpd1zBnKEnVkVVK6LuDlUQZPzS_h9G236fV2oxwAIQYqAcEc8g_TZG2Ld-dPXV4QYHlasEdnUYDo0Q-OK5MzfeYUynBFxHYumyoSmLmvSx7EACZ29jTVEOqje?page=10 ...de experiencia en Java Experiencia...
Desarrollador JAVA -DB2 Ingles 4,https://www.trabajando.cl/trabajo-empleo/region-metropolitana-de-santiago-java/trabajo/3664663/0aA-LB4Zpd1zBnKEnVkVVK6LuDlUQZPzS_h9G236fV2oxwAIQYqAcEc8g_TZG2Ld-dPXV4QYHlasEdnUYDo0Q-OK5MzfeYUynBFxHYumyoSmLmvSx7EACZ29jTVEOqje?page=10 ...de experiencia en Java Experiencia...
Desarrollador JAVA (CV EN INGLES),https://www.trabajando.cl/trabajo-empleo/region-metropolitana-de-santiago-java/trabajo/3650239/0aA-LB4Zpd1zBnKEnVkVVK6LuDlUQZPzS_h9G236fV2oxwAIQYqAcEc8g_TZG2Ld-dPXV4QYHlasEdnUYDo0Q-OK5MzfeYUynBFxHYumyoSmLmvSx7EACZ29jTVEOqje?page=10 ...de experiencia en Java Experiencia...
Desarrollador JAVA Senior,https://www.trabajando.cl/trabajo-empleo/region-metropolitana-de-santiago-java/trabajo/3679995/0aA-LB4Zpd1zBnKEnVkVVK6LuDlUQZPzS_h9G236fV2oxwAIQYqAcEc8g_TZG2Ld-dPXV4QYHlasEdnUYDo0Q-OK5MzfeYUynBFxHYumyoSmLmvSx7EACZ29jTVEOqje?page=10 ...de experiencia en Java Experiencia...
Desarrollador JAVA Senior,https://www.trabajando.cl/trabajo-empleo/region-metropolitana-de-santiago-java/trabajo/3560882/0aA-LB4Zpd1zBnKEnVkVVK6LuDlUQZPzS_h9G236fV2oxwAIQYqAcEc8g_TZG2Ld-dPXV4QYHlasEdnUYDo0Q-OK5MzfeYUynBFxHYumyoSmLmvSx7EACZ29jTVEOqje?page=10 ...de experiencia en Java Experiencia...
Arquitecto de Software ORACLE/JAVA,https://www.trabajando.cl/trabajo-empleo/region-metropolitana-de-santiago-java/trabajo/3260820/0aA-LB4Zpd1zBnKEnVkVVK6LuDlUQZPzS_h9G236fV2oxwAIQYqAcEc8g_TZG2Ld-dPXV4QYHlasEdnUYDo0Q-OK5MzfeYUynBFxHYumyoSmLmvSx7EACZ29jTVEOqje?page=10 ...de experiencia en Java Experiencia...
Desarrollador JAVA Senior,https://www.trabajando.cl/trabajo-empleo/region-metropolitana-de-santiago-java/trabajo/3101856/0aA-LB4Zpd1zBnKEnVkVVK6LuDlUQZPzS_h9G236fV2oxwAIQYqAcEc8g_TZG2Ld-dPXV4QYHlasEdnUYDo0Q-OK5MzfeYUynBFxHYumyoSmLmvSx7EACZ29jTVEOqje?page=10 ...de experiencia en Java Experiencia...
Desarrollador Senior en PHP y JAVA,https://www.trabajando.cl/trabajo-empleo/region-metropolitana-de-santiago-java/trabajo/3216449/0aA-LB4Zpd1zBnKEnVkVVK6LuDlUQZPzS_h9G236fV2oxwAIQYqAcEc8g_TZG2Ld-dPXV4QYHlasEdnUYDo0Q-OK5MzfeYUynBFxHYumyoSmLmvSx7EACZ29jTVEOqje?page=10 ...de experiencia en Java Experiencia...
Java DB2 Developer,https://www.trabajando.cl/trabajo-empleo/region-metropolitana-de-santiago-java/trabajo/3643075/0aA-LB4Zpd1zBnKEnVkVVK6LuDlUQZPzS_h9G236fV2oxwAIQYqAcEc8g_TZG2Ld-dPXV4QYHlasEdnUYDo0Q-OK5MzfeYUynBFxHYumyoSmLmvSx7EACZ29jTVEOqje?page=10 ...de experiencia en Java Experiencia...
Desarrollador JAVA/J2EE,https://www.trabajando.cl/trabajo-empleo/region-metropolitana-de-santiago-java/trabajo/3173762/0aA-LB4Zpd1zBnKEnVkVVK6LuDlUQZPzS_h9G236fV2oxwAIQYqAcEc8g_TZG2Ld-dPXV4QYHlasEdnUYDo0Q-OK5MzfeYUynBFxHYumyoSmLmvSx7EACZ29jTVEOqje?page=10 ...de experiencia en Java Experiencia...
Desarrollador Senior JAVA /UI,https://www.trabajando.cl/trabajo-empleo/region-metropolitana-de-santiago-java/trabajo/3087122/0aA-LB4Zpd1zBnKEnVkVVK6LuDlUQZPzS_h9G236fV2oxwAIQYqAcEc8g_TZG2Ld-dPXV4QYHlasEdnUYDo0Q-OK5MzfeYUynBFxHYumyoSmLmvSx7EACZ29jTVEOqje?page=10 ...de experiencia en Java Experiencia...
ANALISTA DESARROLLADOR JAVA,https://www.trabajando.cl/trabajo-empleo/region-metropolitana-de-santiago-java/trabajo/3615677/0aA-LB4Zpd1zBnKEnVkVVK6LuDlUQZPzS_h9G236fV2oxwAIQYqAcEc8g_TZG2Ld-dPXV4QYHlasEdnUYDo0Q-OK5MzfeYUynBFxHYumyoSmLmvSx7EACZ29jTVEOqje?page=10 ...de experiencia en Java Experiencia...
Desarrollador JAVA -DB2 Ingles 2,https://www.trabajando.cl/trabajo-empleo/region-metropolitana-de-santiago-java/trabajo/3664664/0aA-LB4Zpd1zBnKEnVkVVK6LuDlUQZPzS_h9G236fV2oxwAIQYqAcEc8g_TZG2Ld-dPXV4QYHlasEdnUYDo0Q-OK5MzfeYUynBFxHYumyoSmLmvSx7EACZ29jTVEOqje?page=10 ...de experiencia en Java Experiencia...
Desarrollador JAVA SemiSenior,https://www.trabajando.cl/trabajo-empleo/region-metropolitana-de-santiago-java/trabajo/3101849/0aA-LB4Zpd1zBnKEnVkVVK6LuDlUQZPzS_h9G236fV2oxwAIQYqAcEc8g_TZG2Ld-dPXV4QYHlasEdnUYDo0Q-OK5MzfeYUynBFxHYumyoSmLmvSx7EACZ29jTVEOqje?page=10 ...de experiencia en Java Experiencia...
Desarrollador JAVA Junior,https://www.trabajando.cl/trabajo-empleo/region-metropolitana-de-santiago-java/trabajo/3182834/0aA-LB4Zpd1zBnKEnVkVVK6LuDlUQZPzS_h9G236fV2oxwAIQYqAcEc8g_TZG2Ld-dPXV4QYHlasEdnUYDo0Q-OK5MzfeYUynBFxHYumyoSmLmvSx7EACZ29jTVEOqje?page=10 ...de experiencia en Java Experiencia...
Desarrollador JAVA J2EE,https://www.trabajando.cl/trabajo-empleo/region-metropolitana-de-santiago-java/trabajo/3613731/0aA-LB4Zpd1zBnKEnVkVVK6LuDlUQZPzS_h9G236fV2oxwAIQYqAcEc8g_TZG2Ld-dPXV4QYHlasEdnUYDo0Q-OK5MzfeYUynBFxHYumyoSmLmvSx7EACZ29jTVEOqje?page=10 ...de experiencia en Java Experiencia...
Desarrollador JAVA,https://www.trabajando.cl/trabajo-empleo/region-metropolitana-de-santiago-java/trabajo/3732748/0aA-LB4Zpd1zBnKEnVkVVK6LuDlUQZPzS_h9G236fV2oxwAIQYqAcEc8g_TZG2Ld-dPXV4QYHlasEdnUYDo0Q-OK5MzfeYUynBFxHYumyoSmLmvSx7EACZ29jTVEOqje?page=10 ...de experiencia en Java Experiencia...
INGENIERO JAVA,https://www.trabajando.cl/trabajo-empleo/region-metropolitana-de-santiago-java/trabajo/3154161/0aA-LB4Zpd1zBnKEnVkVVK6LuDlUQZPzS_h9G236fV2oxwAIQYqAcEc8g_TZG2Ld-dPXV4QYHlasEdnUYDo0Q-OK5MzfeYUynBFxHYumyoSmLmvSx7EACZ29jTVEOqje?page=10 ...de experiencia en Java Experiencia...
INGENIERO JAVA,https://www.trabajando.cl/trabajo-empleo/region-metropolitana-de-santiago-java/trabajo/3607751/0aA-LB4Zpd1zBnKEnVkVVK6LuDlUQZPzS_h9G236fV2oxwAIQYqAcEc8g_TZG2Ld-dPXV4QYHlasEdnUYDo0Q-OK5MzfeYUynBFxHYumyoSmLmvSx7EACZ29jTVEOqje?page=10 ...de experiencia en Java Experiencia...
Líder funcional en desarrollo Java,https://www.trabajando.cl/trabajo-empleo/region-metropolitana-de-santiago-java/trabajo/3778876/0aA-LB4Zpd1zBnKEnVkVVK6LuDlUQZPzS_h9G236fV2oxwAIQYqAcEc8g_TZG2Ld-dPXV4QYHlasEdnUYDo0Q-OK5MzfeYUynBFxHYumyoSmLmvSx7EACZ29jTVEOqje?page=10 ...de experiencia en Java Experiencia...
Analista Programador JAVA,https://www.trabajando.cl/trabajo-empleo/region-metropolitana-de-santiago-java/trabajo/3763611/0aA-LB4Zpd1zBnKEnVkVVK6LuDlUQZPzS_h9G236fV2oxwAIQYqAcEc8g_TZG2Ld-dPXV4QYHlasEdnUYDo0Q-OK5MzfeYUynBFxHYumyoSmLmvSx7EACZ29jTVEOqje?page=10 ...de experiencia en Java Experiencia...
Ingeniero de Software Java (Ingles Avanzado),https://www.trabajando.cl/trabajo-empleo/region-metropolitana-de-santiago-java/trabajo/3777504/0aA-LB4Zpd1zBnKEnVkVVK6LuDlUQZPzS_h9G236fV2oxwAIQYqAcEc8g_TZG2Ld-dPXV4QYHlasEdnUYDo0Q-OK5MzfeYUynBFxHYumyoSmLmvSx7EACZ29jTVEOqje?page=10 ...de experiencia en Java Experiencia...
Desarrollador Backend Java,https://www.trabajando.cl/trabajo-empleo/region-metropolitana-de-santiago-java/trabajo/3778462/0aA-LB4Zpd1zBnKEnVkVVK6LuDlUQZPzS_h9G236fV2oxwAIQYqAcEc8g_TZG2Ld-dPXV4QYHlasEdnUYDo0Q-OK5MzfeYUynBFxHYumyoSmLmvSx7EACZ29jTVEOqje?page=10 ...de experiencia en Java Experiencia...
Desarrollador JAVA,https://www.trabajando.cl/trabajo-empleo/region-metropolitana-de-santiago-java/trabajo/3778534/0aA-LB4Zpd1zBnKEnVkVVK6LuDlUQZPzS_h9G236fV2oxwAIQYqAcEc8g_TZG2Ld-dPXV4QYHlasEdnUYDo0Q-OK5MzfeYUynBFxHYumyoSmLmvSx7EACZ29jTVEOqje?page=10 ...de experiencia en Java Experiencia...
Programador Java,https://www.trabajando.cl/trabajo-empleo/region-metropolitana-de-santiago-java/trabajo/3779002/0aA-LB4Zpd1zBnKEnVkVVK6LuDlUQZPzS_h9G236fV2oxwAIQYqAcEc8g_TZG2Ld-dPXV4QYHlasEdnUYDo0Q-OK5MzfeYUynBFxHYumyoSmLmvSx7EACZ29jTVEOqje?page=10 ...de experiencia en Java Experiencia...
Programador NodeJS y JavaScript,https://www.trabajando.cl/trabajo-empleo/region-metropolitana-de-santiago-java/trabajo/3779282/0aA-LB4Zpd1zBnKEnVkVVK6LuDlUQZPzS_h9G236fV2oxwAIQYqAcEc8g_TZG2Ld-dPXV4QYHlasEdnUYDo0Q-OK5MzfeYUynBFxHYumyoSmLmvSx7EACZ29jTVEOqje?page=10 ...de experiencia en Java Experiencia...
Analista de Sistema TI - Arquitectura SOA/Java /Oracle BD.,https://www.trabajando.cl/trabajo-empleo/region-metropolitana-de-santiago-java/trabajo/3307983/0aA-LB4Zpd1zBnKEnVkVVK6LuDlUQZPzS_h9G236fV2oxwAIQYqAcEc8g_TZG2Ld-dPXV4QYHlasEdnUYDo0Q-OK5MzfeYUynBFxHYumyoSmLmvSx7EACZ29jTVEOqje?page=10 ...de experiencia en Java Experiencia...
ID 12608 Analista programador Java Providencia,https://www.trabajando.cl/trabajo-empleo/region-metropolitana-de-santiago-java/trabajo/3775316/0aA-LB4Zpd1zBnKEnVkVVK6LuDlUQZPzS_h9G236fV2oxwAIQYqAcEc8g_TZG2Ld-dPXV4QYHlasEdnUYDo0Q-OK5MzfeYUynBFxHYumyoSmLmvSx7EACZ29jTVEOqje?page=10 ...de experiencia en Java Experiencia...
Líder Técnico Java (Experiencia en sector bancario),https://www.trabajando.cl/trabajo-empleo/region-metropolitana-de-santiago-java/trabajo/3776176/0aA-LB4Zpd1zBnKEnVkVVK6LuDlUQZPzS_h9G236fV2oxwAIQYqAcEc8g_TZG2Ld-dPXV4QYHlasEdnUYDo0Q-OK5MzfeYUynBFxHYumyoSmLmvSx7EACZ29jTVEOqje?page=10 ...de experiencia en Java Experiencia...
ID 12636 Desarrollador java Vitacura,https://www.trabajando.cl/trabajo-empleo/region-metropolitana-de-santiago-java/trabajo/3776885/0aA-LB4Zpd1zBnKEnVkVVK6LuDlUQZPzS_h9G236fV2oxwAIQYqAcEc8g_TZG2Ld-dPXV4QYHlasEdnUYDo0Q-OK5MzfeYUynBFxHYumyoSmLmvSx7EACZ29jTVEOqje?page=10 ...de experiencia en Java Experiencia...
(YP) DESARROLLADOR JAVA/HUECHURABA,https://www.trabajando.cl/trabajo-empleo/region-metropolitana-de-santiago-java/trabajo/3775463/0aA-LB4Zpd1zBnKEnVkVVK6LuDlUQZPzS_h9G236fV2oxwAIQYqAcEc8g_TZG2Ld-dPXV4QYHlasEdnUYDo0Q-OK5MzfeYUynBFxHYumyoSmLmvSx7EACZ29jTVEOqje?page=10 ...de experiencia en Java Experiencia...
Desarrollador Java con experiencia en banca,https://www.trabajando.cl/trabajo-empleo/region-metropolitana-de-santiago-java/trabajo/3775535/0aA-LB4Zpd1zBnKEnVkVVK6LuDlUQZPzS_h9G236fV2oxwAIQYqAcEc8g_TZG2Ld-dPXV4QYHlasEdnUYDo0Q-OK5MzfeYUynBFxHYumyoSmLmvSx7EACZ29jTVEOqje?page=10 ...de experiencia en Java Experiencia...
ID 12570 Desarrollador Java Bilingüe Providencia,https://www.trabajando.cl/trabajo-empleo/region-metropolitana-de-santiago-java/trabajo/3776541/0aA-LB4Zpd1zBnKEnVkVVK6LuDlUQZPzS_h9G236fV2oxwAIQYqAcEc8g_TZG2Ld-dPXV4QYHlasEdnUYDo0Q-OK5MzfeYUynBFxHYumyoSmLmvSx7EACZ29jTVEOqje?page=10 ...de experiencia en Java Experiencia...
Desarrollador Java 1.7/1.8 - Vitacura (3 meses plazo fijo indefinido),https://www.trabajando.cl/trabajo-empleo/region-metropolitana-de-santiago-java/trabajo/3776901/0aA-LB4Zpd1zBnKEnVkVVK6LuDlUQZPzS_h9G236fV2oxwAIQYqAcEc8g_TZG2Ld-dPXV4QYHlasEdnUYDo0Q-OK5MzfeYUynBFxHYumyoSmLmvSx7EACZ29jTVEOqje?page=10 ...de experiencia en Java Experiencia...
Desarrollador Java Semi senior,https://www.trabajando.cl/trabajo-empleo/region-metropolitana-de-santiago-java/trabajo/3534425/0aA-LB4Zpd1zBnKEnVkVVK6LuDlUQZPzS_h9G236fV2oxwAIQYqAcEc8g_TZG2Ld-dPXV4QYHlasEdnUYDo0Q-OK5MzfeYUynBFxHYumyoSmLmvSx7EACZ29jTVEOqje?page=10 ...de experiencia en Java Experiencia...
Ingeniero de datos experiencia con analítica Ecommerce JavaScript PHP Tag manager Web Analitics,https://www.trabajando.cl/trabajo-empleo/region-metropolitana-de-santiago-java/trabajo/3743772/0aA-LB4Zpd1zBnKEnVkVVK6LuDlUQZPzS_h9G236fV2oxwAIQYqAcEc8g_TZG2Ld-dPXV4QYHlasEdnUYDo0Q-OK5MzfeYUynBFxHYumyoSmLmvSx7EACZ29jTVEOqje?page=10 ...de experiencia en Java Experiencia...
Analistas Desarrolladores experiencia en Websphere Portal Web Content Manager WebService desarrollo con Java HTLM /CSS XML.,https://www.trabajando.cl/trabajo-empleo/region-metropolitana-de-santiago-java/trabajo/3538919/0aA-LB4Zpd1zBnKEnVkVVK6LuDlUQZPzS_h9G236fV2oxwAIQYqAcEc8g_TZG2Ld-dPXV4QYHlasEdnUYDo0Q-OK5MzfeYUynBFxHYumyoSmLmvSx7EACZ29jTVEOqje?page=10 ...de experiencia en Java Experiencia...
Líder Ti - Java 1.7,https://www.trabajando.cl/trabajo-empleo/region-metropolitana-de-santiago-java/trabajo/3774304/0aA-LB4Zpd1zBnKEnVkVVK6LuDlUQZPzS_h9G236fV2oxwAIQYqAcEc8g_TZG2Ld-dPXV4QYHlasEdnUYDo0Q-OK5MzfeYUynBFxHYumyoSmLmvSx7EACZ29jTVEOqje?page=10 ...de experiencia en Java Experiencia...
Desarrollador Full Stack - Java en Backend y Angular en el Frontend,https://www.trabajando.cl/trabajo-empleo/region-metropolitana-de-santiago-java/trabajo/3774636/0aA-LB4Zpd1zBnKEnVkVVK6LuDlUQZPzS_h9G236fV2oxwAIQYqAcEc8g_TZG2Ld-dPXV4QYHlasEdnUYDo0Q-OK5MzfeYUynBFxHYumyoSmLmvSx7EACZ29jTVEOqje?page=10 ...de experiencia en Java Experiencia...
Desarrollador Java con experiencia en banca,https://www.trabajando.cl/trabajo-empleo/region-metropolitana-de-santiago-java/trabajo/3775009/0aA-LB4Zpd1zBnKEnVkVVK6LuDlUQZPzS_h9G236fV2oxwAIQYqAcEc8g_TZG2Ld-dPXV4QYHlasEdnUYDo0Q-OK5MzfeYUynBFxHYumyoSmLmvSx7EACZ29jTVEOqje?page=10 ...de experiencia en Java Experiencia...
Desarrollador Java -Spring-SQL /Junior,https://www.trabajando.cl/trabajo-empleo/region-metropolitana-de-santiago-java/trabajo/3772226/0aA-LB4Zpd1zBnKEnVkVVK6LuDlUQZPzS_h9G236fV2oxwAIQYqAcEc8g_TZG2Ld-dPXV4QYHlasEdnUYDo0Q-OK5MzfeYUynBFxHYumyoSmLmvSx7EACZ29jTVEOqje?page=10 ...de experiencia en Java Experiencia...
Analista Programador Java,https://www.trabajando.cl/trabajo-empleo/region-metropolitana-de-santiago-java/trabajo/3772263/0aA-LB4Zpd1zBnKEnVkVVK6LuDlUQZPzS_h9G236fV2oxwAIQYqAcEc8g_TZG2Ld-dPXV4QYHlasEdnUYDo0Q-OK5MzfeYUynBFxHYumyoSmLmvSx7EACZ29jTVEOqje?page=10 ...de experiencia en Java Experiencia...
Desarrollador Java,https://www.trabajando.cl/trabajo-empleo/region-metropolitana-de-santiago-java/trabajo/3773629/0aA-LB4Zpd1zBnKEnVkVVK6LuDlUQZPzS_h9G236fV2oxwAIQYqAcEc8g_TZG2Ld-dPXV4QYHlasEdnUYDo0Q-OK5MzfeYUynBFxHYumyoSmLmvSx7EACZ29jTVEOqje?page=10 ...de experiencia en Java Experiencia...
Relator Desarrollo Full Stack Java (Santiago Concepción y Valparaíso) - DNC INACAP,https://www.trabajando.cl/trabajo-empleo/region-metropolitana-de-santiago-java/trabajo/3772771/0aA-LB4Zpd1zBnKEnVkVVK6LuDlUQZPzS_h9G236fV2oxwAIQYqAcEc8g_TZG2Ld-dPXV4QYHlasEdnUYDo0Q-OK5MzfeYUynBFxHYumyoSmLmvSx7EACZ29jTVEOqje?page=10 ...de experiencia en Java Experiencia...
Líder Ti - Java 1.7,https://www.trabajando.cl/trabajo-empleo/region-metropolitana-de-santiago-java/trabajo/3772686/0aA-LB4Zpd1zBnKEnVkVVK6LuDlUQZPzS_h9G236fV2oxwAIQYqAcEc8g_TZG2Ld-dPXV4QYHlasEdnUYDo0Q-OK5MzfeYUynBFxHYumyoSmLmvSx7EACZ29jTVEOqje?page=10 ...de experiencia en Java Experiencia...
Desarrollador Java,https://www.trabajando.cl/trabajo-empleo/region-metropolitana-de-santiago-java/trabajo/3679547/0aA-LB4Zpd1zBnKEnVkVVK6LuDlUQZPzS_h9G236fV2oxwAIQYqAcEc8g_TZG2Ld-dPXV4QYHlasEdnUYDo0Q-OK5MzfeYUynBFxHYumyoSmLmvSx7EACZ29jTVEOqje?page=10 ...de experiencia en Java Experiencia...
Desarrollador Java,https://www.trabajando.cl/trabajo-empleo/region-metropolitana-de-santiago-java/trabajo/3700733/0aA-LB4Zpd1zBnKEnVkVVK6LuDlUQZPzS_h9G236fV2oxwAIQYqAcEc8g_TZG2Ld-dPXV4QYHlasEdnUYDo0Q-OK5MzfeYUynBFxHYumyoSmLmvSx7EACZ29jTVEOqje?page=10 ...de experiencia en Java Experiencia...
Desarrollador Java,https://www.trabajando.cl/trabajo-empleo/region-metropolitana-de-santiago-java/trabajo/3655651/0aA-LB4Zpd1zBnKEnVkVVK6LuDlUQZPzS_h9G236fV2oxwAIQYqAcEc8g_TZG2Ld-dPXV4QYHlasEdnUYDo0Q-OK5MzfeYUynBFxHYumyoSmLmvSx7EACZ29jTVEOqje?page=10 ...de experiencia en Java Experiencia...
Desarrollador Java Senior,https://www.trabajando.cl/trabajo-empleo/region-metropolitana-de-santiago-java/trabajo/3688878/0aA-LB4Zpd1zBnKEnVkVVK6LuDlUQZPzS_h9G236fV2oxwAIQYqAcEc8g_TZG2Ld-dPXV4QYHlasEdnUYDo0Q-OK5MzfeYUynBFxHYumyoSmLmvSx7EACZ29jTVEOqje?page=10 ...de experiencia en Java Experiencia...
Desarrollador Java Experto,https://www.trabajando.cl/trabajo-empleo/region-metropolitana-de-santiago-java/trabajo/3728026/0aA-LB4Zpd1zBnKEnVkVVK6LuDlUQZPzS_h9G236fV2oxwAIQYqAcEc8g_TZG2Ld-dPXV4QYHlasEdnUYDo0Q-OK5MzfeYUynBFxHYumyoSmLmvSx7EACZ29jTVEOqje?page=10 ...de experiencia en Java Experiencia...
Desarrollador Java,https://www.trabajando.cl/trabajo-empleo/region-metropolitana-de-santiago-java/trabajo/3759668/0aA-LB4Zpd1zBnKEnVkVVK6LuDlUQZPzS_h9G236fV2oxwAIQYqAcEc8g_TZG2Ld-dPXV4QYHlasEdnUYDo0Q-OK5MzfeYUynBFxHYumyoSmLmvSx7EACZ29jTVEOqje?page=10 ...de experiencia en Java Experiencia...
Desarrollador Java,https://www.trabajando.cl/trabajo-empleo/region-metropolitana-de-santiago-java/trabajo/3757803/0aA-LB4Zpd1zBnKEnVkVVK6LuDlUQZPzS_h9G236fV2oxwAIQYqAcEc8g_TZG2Ld-dPXV4QYHlasEdnUYDo0Q-OK5MzfeYUynBFxHYumyoSmLmvSx7EACZ29jTVEOqje?page=10 ...de experiencia en Java Experiencia...
DESARROLLADOR JAVA JSF,https://www.trabajando.cl/trabajo-empleo/region-metropolitana-de-santiago-java/trabajo/3773010/0aA-LB4Zpd1zBnKEnVkVVK6LuDlUQZPzS_h9G236fV2oxwAIQYqAcEc8g_TZG2Ld-dPXV4QYHlasEdnUYDo0Q-OK5MzfeYUynBFxHYumyoSmLmvSx7EACZ29jTVEOqje?page=10 ...de experiencia en Java Experiencia...
ID 12545 Desarrollador Java Junior Las Condes,https://www.trabajando.cl/trabajo-empleo/region-metropolitana-de-santiago-java/trabajo/3755476/0aA-LB4Zpd1zBnKEnVkVVK6LuDlUQZPzS_h9G236fV2oxwAIQYqAcEc8g_TZG2Ld-dPXV4QYHlasEdnUYDo0Q-OK5MzfeYUynBFxHYumyoSmLmvSx7EACZ29jTVEOqje?page=10 ...de experiencia en Java Experiencia...
ID 12431 Analista Desarrollador Java  Santiago,https://www.trabajando.cl/trabajo-empleo/region-metropolitana-de-santiago-java/trabajo/3769724/0aA-LB4Zpd1zBnKEnVkVVK6LuDlUQZPzS_h9G236fV2oxwAIQYqAcEc8g_TZG2Ld-dPXV4QYHlasEdnUYDo0Q-OK5MzfeYUynBFxHYumyoSmLmvSx7EACZ29jTVEOqje?page=10 ...de experiencia en Java Experiencia...
Analista Programador Java,https://www.trabajando.cl/trabajo-empleo/region-metropolitana-de-santiago-java/trabajo/3769904/0aA-LB4Zpd1zBnKEnVkVVK6LuDlUQZPzS_h9G236fV2oxwAIQYqAcEc8g_TZG2Ld-dPXV4QYHlasEdnUYDo0Q-OK5MzfeYUynBFxHYumyoSmLmvSx7EACZ29jTVEOqje?page=10 ...de experiencia en Java Experiencia...
Analista Programador Java,https://www.trabajando.cl/trabajo-empleo/region-metropolitana-de-santiago-java/trabajo/3771427/0aA-LB4Zpd1zBnKEnVkVVK6LuDlUQZPzS_h9G236fV2oxwAIQYqAcEc8g_TZG2Ld-dPXV4QYHlasEdnUYDo0Q-OK5MzfeYUynBFxHYumyoSmLmvSx7EACZ29jTVEOqje?page=10 ...de experiencia en Java Experiencia...
Analista Programador Java,https://www.trabajando.cl/trabajo-empleo/region-metropolitana-de-santiago-java/trabajo/3770823/0aA-LB4Zpd1zBnKEnVkVVK6LuDlUQZPzS_h9G236fV2oxwAIQYqAcEc8g_TZG2Ld-dPXV4QYHlasEdnUYDo0Q-OK5MzfeYUynBFxHYumyoSmLmvSx7EACZ29jTVEOqje?page=10 ...de experiencia en Java Experiencia...
Desarrollador Java 2 años de experiencia. Proyecto 3 meses,https://www.trabajando.cl/trabajo-empleo/region-metropolitana-de-santiago-java/trabajo/3770944/0aA-LB4Zpd1zBnKEnVkVVK6LuDlUQZPzS_h9G236fV2oxwAIQYqAcEc8g_TZG2Ld-dPXV4QYHlasEdnUYDo0Q-OK5MzfeYUynBFxHYumyoSmLmvSx7EACZ29jTVEOqje?page=10 ...de experiencia en Java Experiencia...
Oferta Desarrollador Java-was-Git-Maven. Proyecto 4 meses,https://www.trabajando.cl/trabajo-empleo/region-metropolitana-de-santiago-java/trabajo/3770921/0aA-LB4Zpd1zBnKEnVkVVK6LuDlUQZPzS_h9G236fV2oxwAIQYqAcEc8g_TZG2Ld-dPXV4QYHlasEdnUYDo0Q-OK5MzfeYUynBFxHYumyoSmLmvSx7EACZ29jTVEOqje?page=10 ...de experiencia en Java Experiencia...
Programador Java 4 años de Experiencia,https://www.trabajando.cl/trabajo-empleo/region-metropolitana-de-santiago-java/trabajo/2639779/0aA-LB4Zpd1zBnKEnVkVVK6LuDlUQZPzS_h9G236fV2oxwAIQYqAcEc8g_TZG2Ld-dPXV4QYHlasEdnUYDo0Q-OK5MzfeYUynBFxHYumyoSmLmvSx7EACZ29jTVEOqje?page=10 ...de experiencia en Java Experiencia...
Programador J2EE Java,https://www.trabajando.cl/trabajo-empleo/region-metropolitana-de-santiago-java/trabajo/2639816/0aA-LB4Zpd1zBnKEnVkVVK6LuDlUQZPzS_h9G236fV2oxwAIQYqAcEc8g_TZG2Ld-dPXV4QYHlasEdnUYDo0Q-OK5MzfeYUynBFxHYumyoSmLmvSx7EACZ29jTVEOqje?page=10 ...de experiencia en Java Experiencia...
Analista Desarrollador Java - JSF,https://www.trabajando.cl/trabajo-empleo/region-metropolitana-de-santiago-java/trabajo/3284250/0aA-LB4Zpd1zBnKEnVkVVK6LuDlUQZPzS_h9G236fV2oxwAIQYqAcEc8g_TZG2Ld-dPXV4QYHlasEdnUYDo0Q-OK5MzfeYUynBFxHYumyoSmLmvSx7EACZ29jTVEOqje?page=10 ...de experiencia en Java Experiencia...
Desarrollador JSF - Java,https://www.trabajando.cl/trabajo-empleo/region-metropolitana-de-santiago-java/trabajo/3518665/0aA-LB4Zpd1zBnKEnVkVVK6LuDlUQZPzS_h9G236fV2oxwAIQYqAcEc8g_TZG2Ld-dPXV4QYHlasEdnUYDo0Q-OK5MzfeYUynBFxHYumyoSmLmvSx7EACZ29jTVEOqje?page=10 ...de experiencia en Java Experiencia...
Analista Programador .Net/Java,https://www.trabajando.cl/trabajo-empleo/region-metropolitana-de-santiago-java/trabajo/3735946/0aA-LB4Zpd1zBnKEnVkVVK6LuDlUQZPzS_h9G236fV2oxwAIQYqAcEc8g_TZG2Ld-dPXV4QYHlasEdnUYDo0Q-OK5MzfeYUynBFxHYumyoSmLmvSx7EACZ29jTVEOqje?page=10 ...de experiencia en Java Experiencia...
Registrate ...de experiencia en Java Experiencia...
ingresa ...de experiencia en Java Experiencia...
Ingresa a tu cuenta ...de experiencia en Java Experiencia...
