Textbox36,TipoLC,citName,Textbox39,Textbox37,Textbox40
1002-26-LE19,Licitacion Publica igual o superior a 100 UTM e inferior a 1.000 UTM,Region de los Lagos ,MOP - Direccion de Vialidad,CUCHILLAS MOTONIVELADORA ,25/06/2019 16:08:28,3
1020-21-L119,Licitacion publica inferior a 100 UTM,Region de los Lagos ,Ministerio de Obras Publicas Direccion Gral. de OOPP,Servicio de Encuadernacion de Documentos Oficiales año 2017 para Oficina de Partes de la SOP,19/06/2019 17:53:00,1
1020-22-LR19,Licitacion Publica Mayor a 5000 UTM,Region de los Lagos ,Ministerio de Obras Publicas Direccion Gral. de OOPP,Diseño y Construccion Transbordador Lago OHiggins,22/05/2019 11:58:00,1
1057532-40-L119,Licitacion publica inferior a 100 UTM,Region de los Lagos ,Servicio de Salud Osorno,"Construccion Camara Separadora de Combustibles, para Hospital Purranque",02/07/2019 19:23:44,1
1057532-47-LE19,Licitacion Publica igual o superior a 100 UTM e inferior a 1.000 UTM,Region de los Lagos ,Servicio de Salud Osorno,COMPRA SERVICIOS ANALISTA FUNCIONAL JUNIOR ,02/07/2019 17:13:01,1
1057532-48-B219,Licitacion Privada igual o superior a 1000 UTM e inferior a 2000 UTM,Region de los Lagos ,Servicio de Salud Osorno,"Convenio de Servicios de Mantencion Preventiva y/o Correctiva Para Flota de Ambulancias Marca Ford Dependientes del Servicio de Salud Osorno, Tercer Llamado",26/06/2019 15:06:36,1
1057532-49-LE19,Licitacion Publica igual o superior a 100 UTM e inferior a 1.000 UTM,Region de los Lagos ,Servicio de Salud Osorno,GARGANTILLAS DE RECONOCIMIENTO SSO,01/07/2019 12:51:52,1
1057534-24-LE19,Licitacion Publica igual o superior a 100 UTM e inferior a 1.000 UTM,Region de los Lagos ,Hospital de Purranque,ARRIENDO  CAJAS  DE INSTRUMENTAL LAPAROSCOPIA,20/06/2019 18:09:00,1
1057535-8-L119,Licitacion publica inferior a 100 UTM,Region de los Lagos ,Hospital de Mision San Juan de la Costa,COMPRA INSUMOS DENTALES,26/06/2019 10:35:45,40
1057535-9-L119,Licitacion publica inferior a 100 UTM,Region de los Lagos ,Hospital de Mision San Juan de la Costa,COMPRA PASTILLEROS Y CINTA METRICA ANTROPOMETRICAS ,26/06/2019 14:56:58,2
1057539-48-LE19,Licitacion Publica igual o superior a 100 UTM e inferior a 1.000 UTM,Region de los Lagos ,Hospital de Puerto Montt,Adquisicion de accesorios para Pabellon central,02/07/2019 11:27:18,5
1057727-2-L119,Licitacion publica inferior a 100 UTM,Region de los Lagos ,Servicio de Salud Osorno,CENA BAILABLE ANIVERSARIO SERVICIO SALUD OSORNO,02/07/2019 15:35:06,1
1057977-4-LR19,Licitacion Publica Mayor a 5000 UTM,Region de los Lagos ,Servicio de Salud del Reloncaví,Reposicion Centro de Salud Frutillar,16/05/2019 12:44:00,1
1058122-10-L119,Licitacion publica inferior a 100 UTM,Region de los Lagos ,HOSPITAL DE PUERTO OCTAY,Farmacos y otros julio 2019,01/07/2019 16:50:30,6
1077523-2-LR19,Licitacion Publica Mayor a 5000 UTM,Region de los Lagos ,Servicio de Salud del Reloncaví,Construccion Centro Dialisis Hospital Calbuco,04/06/2019 11:51:15,1
1077523-3-LP19,Licitacion Publica igual o superior a 1.000 UTM e inferior a 2.000 UTM (LP),Region de los Lagos ,Servicio de Salud del Reloncaví,Plan Evacuacion Aguas Lluvias Hospital Llanquihue,21/06/2019 11:46:47,1
1095-3-LQ19,Licitacion Publica igual o superior a 2.000 UTM e inferior a 5.000 UTM,Region de los Lagos ,Direccion de Aeropuertos - MOPTT,Reposicion Motoniveladora para la Red AD.,31/05/2019 17:44:50,1
1127-11-LE19,Licitacion Publica igual o superior a 100 UTM e inferior a 1.000 UTM,Region de los Lagos ,Instituto de Desarrollo Agropecuario - INDAP,SERV. MENSURA Y GEOREFERENCIACION ,13/06/2019 10:27:00,2
1127-13-LE19,Licitacion Publica igual o superior a 100 UTM e inferior a 1.000 UTM,Region de los Lagos ,Instituto de Desarrollo Agropecuario - INDAP,INSTALACIoN ELeCTRICA INDAP CHONCHI,28/06/2019 13:01:34,1
1127-14-LE19,Licitacion Publica igual o superior a 100 UTM e inferior a 1.000 UTM,Region de los Lagos ,Instituto de Desarrollo Agropecuario - INDAP,SAT BOVINOS DE CARNE Y OVINOS PROVINCIA DE PALENA,01/07/2019 15:04:51,1
1161-68-LE19,Licitacion Publica igual o superior a 100 UTM e inferior a 1.000 UTM,Region de los Lagos ,Servicio Agrícola y Ganadero,CRJ-DESRATIZACION-SANITIZACION SAG X REGION,26/06/2019 08:53:27,3
1161-69-LP19,Licitacion Publica igual o superior a 1.000 UTM e inferior a 2.000 UTM (LP),Region de los Lagos ,Servicio Agrícola y Ganadero,ASC-46-LAREDO-SERVICIOS DE VIGILANCIA Y SEGURIDAD,27/06/2019 12:35:00,1
1269-16-L119,Licitacion publica inferior a 100 UTM,Region de los Lagos ,Direccion de Obras Portuarias - MOPTT,ADQUISICION DE PELLET DE ASERRIN PARA CALEFACTORES DE USO DE LA DIRECCION REGIONAL DE OBRAS PORTUARIAS PUERTO MONTT,02/07/2019 10:43:37,1
1348-6-L119,Licitacion publica inferior a 100 UTM,Region de los Lagos ,Servicio de Registro Civil e Identificacion,CERTIFICACIoN ASCENSORES REGISTRO CIVIL PUERTO MONTT,01/07/2019 16:50:47,1
1409-13-LE19,Licitacion Publica igual o superior a 100 UTM e inferior a 1.000 UTM,Region de los Lagos ,Direccion General de Aeronautica Civil,Mantenimiento de jardines Aerodromo Nuevo Chaiten.,13/06/2019 13:55:06,1
1409-22-L119,Licitacion publica inferior a 100 UTM,Region de los Lagos ,Direccion General de Aeronautica Civil,Adquisicion de bolsas para retenidos,19/06/2019 16:52:30,1
1409-24-L119,Licitacion publica inferior a 100 UTM,Region de los Lagos ,Direccion General de Aeronautica Civil,Retiro de Residuos Peligrosos del Ap. El Tepual.-,21/06/2019 13:20:04,1
1409-25-L119,Licitacion publica inferior a 100 UTM,Region de los Lagos ,Direccion General de Aeronautica Civil,Adquisicion de letreros para seccion AVSEC,02/07/2019 10:35:16,1
1409-26-LP19,Licitacion Publica igual o superior a 1.000 UTM e inferior a 2.000 UTM (LP),Region de los Lagos ,Direccion General de Aeronautica Civil,MANTENIMIENTO Y REPARACIoN DE INFRAESTRUCTURA,28/06/2019 15:28:20,1
1413-52-L119,Licitacion publica inferior a 100 UTM,Region de los Lagos ,Gendarmería de Chile,GENDARMERIA REQUIERE INSTALACIoN DE PORToN DE ACCESO Y PUERTAS METaLICAS,24/06/2019 15:28:07,1
1413-54-LE19,Licitacion Publica igual o superior a 100 UTM e inferior a 1.000 UTM,Region de los Lagos ,Gendarmería de Chile,Adquisicion de Horno y Camara Fermentadora,28/06/2019 09:26:39,2
1448-7-LE19,Licitacion Publica igual o superior a 100 UTM e inferior a 1.000 UTM,Region de los Lagos ,Fondo de Solidaridad e Inversion Social - FOSIS,Mantencion Anual Preventiva 3 Vehiculos Los Lagos ,02/07/2019 18:05:54,3
1479-1-LE19,Licitacion Publica igual o superior a 100 UTM e inferior a 1.000 UTM,Region de los Lagos ,Ministerio de Educacion,CONFECCION CIELO FALSO SUBTERRANEO DEPROV OSORNO,28/06/2019 13:04:28,1
1497-18-LE19,Licitacion Publica igual o superior a 100 UTM e inferior a 1.000 UTM,Region de los Lagos ,Subsecretaría de Salud Publica,ELEMENTO PROTECCION PERSONAL SEREMI SALUD  LOS RIOS,02/07/2019 10:25:51,63
1514-37-LE19,Licitacion Publica igual o superior a 100 UTM e inferior a 1.000 UTM,Region de los Lagos ,Servicio de Salud Chiloe,COMPRA DE INSUMOS CLINICOS PARA CIRUGIA VASCULAR,24/06/2019 17:01:00,76
1514-46-LQ19,Licitacion Publica igual o superior a 2.000 UTM e inferior a 5.000 UTM,Region de los Lagos ,Servicio de Salud Chiloe,"CONVENIO DE SUMINISTRO DE REACTIVOS PARA TEST DE SUDOR, INCLUYENDO LA ENTREGA EN COMODATO DE UN EQUIPO ANALÍTICO, HOSPITAL DE CASTRO",02/07/2019 10:04:19,1
1514-48-LE19,Licitacion Publica igual o superior a 100 UTM e inferior a 1.000 UTM,Region de los Lagos ,Servicio de Salud Chiloe,"REACTIVOS DEL LAB. CLINICO Y UTM, 2019-2020",02/07/2019 14:30:09,6
1514-51-LE19,Licitacion Publica igual o superior a 100 UTM e inferior a 1.000 UTM,Region de los Lagos ,Servicio de Salud Chiloe,"CONVENIO DE SUMINISTRO DE REACTIVOS PARA EXaMENES DE LABORATORIO CLÍNICO, INCLUYENDO LA ENTREGA EN COMODATO DE UN EQUIPO ANALÍTICO INTERCONECTADO AL SISTEMA INFORMaTICO DE LABORATORIO (SIL), DEL HOSPITAL DE CASTRO",02/07/2019 17:27:37,1
1515-2-LE19,Licitacion Publica igual o superior a 100 UTM e inferior a 1.000 UTM,Region de los Lagos ,Gobernacion Provincial  Osorno,BODEGAS ALMAC. Y DISPOSIC TRANSIT. RESIDUOS SAMORE,22/06/2019 13:14:00,1
1515-7-LS10,Licitacion de Servicios,Region de los Lagos ,Gobernacion Provincial  Osorno,Secretaria y Monitora Social,01/03/2010 16:31:02,0
1518-1-LE19,Licitacion Publica igual o superior a 100 UTM e inferior a 1.000 UTM,Region de los Lagos ,SERVIU X Region,Contratacion Servicio de Aseo Serviu Osorno,26/06/2019 16:11:45,1
1522-8-LR19,Licitacion Publica Mayor a 5000 UTM,Region de los Lagos ,Ilustre Municipalidad de Los Muermos,"CONSERVACION DE 17,4 KM DE CAMINOS VECINALES COMUNA DE LOS MUERMOS",05/06/2019 00:20:53,1
162-32-LE19,Licitacion Publica igual o superior a 100 UTM e inferior a 1.000 UTM,Region de los Lagos ,Subsecretaría de Salud Publica,Toma de Test Rapidos visuales y sanguíneos,14/06/2019 11:58:00,1
162-35-LE19,Licitacion Publica igual o superior a 100 UTM e inferior a 1.000 UTM,Region de los Lagos ,Subsecretaría de Salud Publica,Servicios de Guardia de Seguridad  y Vigilancia Oficinas COMPIN,24/06/2019 17:30:00,1
162-36-LE19,Licitacion Publica igual o superior a 100 UTM e inferior a 1.000 UTM,Region de los Lagos ,Subsecretaría de Salud Publica,Servicio Traslado de Basura del Laboratorio Puerto Montt,25/06/2019 12:17:12,1
162-37-LE19,Licitacion Publica igual o superior a 100 UTM e inferior a 1.000 UTM,Region de los Lagos ,Subsecretaría de Salud Publica,Kit didacticos educativos de Hidatidosis,25/06/2019 15:32:37,1
1662-23-LE19,Licitacion Publica igual o superior a 100 UTM e inferior a 1.000 UTM,Region de los Lagos ,Servicio de Salud del Reloncaví,COMPRA DE TOALLA DE PAPEL ROLLO AUTOCORTE,28/06/2019 08:50:52,1
1665-5-LE19,Licitacion Publica igual o superior a 100 UTM e inferior a 1.000 UTM,Region de los Lagos ,Servicio de Salud del Reloncaví,Servicio de traslado de pacientes,26/06/2019 16:24:03,1
1843-1-LE19,Licitacion Publica igual o superior a 100 UTM e inferior a 1.000 UTM,Region de los Lagos ,Servicio Nacional de Menores,Curso de Capacitacion SENAME Los Lagos.,02/07/2019 16:51:14,1
1895-33-LE19,Licitacion Publica igual o superior a 100 UTM e inferior a 1.000 UTM,Region de los Lagos ,MOP - Direccion de Vialidad,COMPRA 1000 Mts³ PETREO SOLICITUD 44/2019,24/06/2019 12:05:59,1
1895-34-LE19,Licitacion Publica igual o superior a 100 UTM e inferior a 1.000 UTM,Region de los Lagos ,MOP - Direccion de Vialidad,COMPRA 4000 Mts³ PETREO VARIOS CAMINOS CASTRO Y DALCAHUE SOL. 45/2019,24/06/2019 12:20:00,1
1895-35-LE19,Licitacion Publica igual o superior a 100 UTM e inferior a 1.000 UTM,Region de los Lagos ,MOP - Direccion de Vialidad,COMPRA 1600 Mts³ PETREO SOLICITUD 46/2019,24/06/2019 12:51:00,1
1895-36-LE19,Licitacion Publica igual o superior a 100 UTM e inferior a 1.000 UTM,Region de los Lagos ,MOP - Direccion de Vialidad,COMPRA 1800 Mts³ PETREO SOLICITUD 47/2019,27/06/2019 11:43:29,1
1970-9-L119,Licitacion publica inferior a 100 UTM,Region de los Lagos ,Direccion General de Aeronautica Civil,Mantenimiento de equipos menores de SEII,24/06/2019 16:53:28,7
2095-1-LE19,Licitacion Publica igual o superior a 100 UTM e inferior a 1.000 UTM,Region de los Lagos ,Servicio de Impuestos Internos,MANTENCIoN DE ASCENSOR OTIS,25/06/2019 15:49:24,1
2140-4-L119,Licitacion publica inferior a 100 UTM,Region de los Lagos ,Servicio de Salud del Reloncaví,Taller de Manualidades de Apoyo a las Buenas Practicas.,01/07/2019 12:34:31,1
2181-29-LQ19,Licitacion Publica igual o superior a 2.000 UTM e inferior a 5.000 UTM,Region de los Lagos ,Corporacion Administrativa del Poder Judicial,REMODELACIoN JZ. FLIA. PTO. MONTT LEY 21.017,11/06/2019 09:36:34,1
2181-30-LE19,Licitacion Publica igual o superior a 100 UTM e inferior a 1.000 UTM,Region de los Lagos ,Corporacion Administrativa del Poder Judicial,SERV. INSPECCIoN OBRAS JUZGADO FAMILIA P. MONTT,18/06/2019 11:20:07,1
2289-29-LR19,Licitacion Publica Mayor a 5000 UTM,Region de los Lagos ,ILUSTRE MUNICIPALIDAD DE FRUTILLAR,Construccion APR Loma de la Piedra. 2do Llamado,24/06/2019 11:53:32,1
2307-65-LE19,Licitacion Publica igual o superior a 100 UTM e inferior a 1.000 UTM,Region de los Lagos ,ILUSTRE MUNICIPALIDAD DE OSORNO,INSUMOS DENTALES AÑO 2019,19/06/2019 16:41:42,22
2307-70-LE19,Licitacion Publica igual o superior a 100 UTM e inferior a 1.000 UTM,Region de los Lagos ,ILUSTRE MUNICIPALIDAD DE OSORNO,"SERVICIO DE RETIRO, TRANSPORTE Y ELIMINACIoN DE RESIDUOS (REAS)",01/07/2019 17:10:37,1
2307-71-L119,Licitacion publica inferior a 100 UTM,Region de los Lagos ,ILUSTRE MUNICIPALIDAD DE OSORNO,ADQUISICIoN DE ENTRADAS PARA CINE-SERVICIO DE BIENESTAR,02/07/2019 16:59:30,1
2308-47-LR19,Licitacion Publica Mayor a 5000 UTM,Region de los Lagos ,ILUSTRE MUNICIPALIDAD DE OSORNO,SERVICIO DE MANTENCION Y ASEO DE AREAS VERDES,07/06/2019 15:07:00,1
2308-50-LR19,Licitacion Publica Mayor a 5000 UTM,Region de los Lagos ,ILUSTRE MUNICIPALIDAD DE OSORNO,"REPOSICION CAMIONES ALJIBE, COMUNA DE OSORNO",11/06/2019 15:40:53,1
2308-52-LE19,Licitacion Publica igual o superior a 100 UTM e inferior a 1.000 UTM,Region de los Lagos ,ILUSTRE MUNICIPALIDAD DE OSORNO,CONTRATO DE SUMINISTRO CAMIoN GRuA,13/06/2019 15:13:00,1
2308-53-LE19,Licitacion Publica igual o superior a 100 UTM e inferior a 1.000 UTM,Region de los Lagos ,ILUSTRE MUNICIPALIDAD DE OSORNO,CASA CUIDADOR ESCUELA PICHIL,19/06/2019 16:47:52,1
2308-54-LR19,Licitacion Publica Mayor a 5000 UTM,Region de los Lagos ,ILUSTRE MUNICIPALIDAD DE OSORNO,CONSTRUCCIoN ESPACIO CUBIERTO MULTIPROPoSITO POBLACIoN MOYANO,24/06/2019 13:43:04,1
2308-55-LE19,Licitacion Publica igual o superior a 100 UTM e inferior a 1.000 UTM,Region de los Lagos ,ILUSTRE MUNICIPALIDAD DE OSORNO,SERVICIO DE TELEVIGILANCIA COMPLEJO DEPORTIVO VILL,01/07/2019 10:58:00,1
2324-227-LR19,Licitacion Publica Mayor a 5000 UTM,Region de los Lagos ,Municipalidad de Puerto Montt,"Licitacion Publica Nº 70/2.019 “CONTRATACIoN DEL SERVICIO DE TELEFONIA E INTERNET MOVIL, ROAMING DE LA MUNICIPALIDAD DE PUERTO MONTT”",05/06/2019 15:25:00,6
2324-234-LR19,Licitacion Publica Mayor a 5000 UTM,Region de los Lagos ,Municipalidad de Puerto Montt,"Licitacion Publica Nº 75/2019 ""MEJORAMIENTO CALLE ANTONIO VARAS, COMUNA DE PUERTO MONTT""",11/06/2019 16:56:00,1
2324-243-LR19,Licitacion Publica Mayor a 5000 UTM,Region de los Lagos ,Municipalidad de Puerto Montt,"Licitacion Publica N° 83/2019, CONSTRUCCIoN CIERRE VERTEDERO MUNICIPAL COMUNA DE PUERTO MONTT. ",18/06/2019 12:19:00,1
2324-250-LE19,Licitacion Publica igual o superior a 100 UTM e inferior a 1.000 UTM,Region de los Lagos ,Municipalidad de Puerto Montt,"Licitacion Publica N°: 88/2019 “SUMINISTRO E INSTALACIoN 116 OPTICAS LED, EN TRES CRUCES Y DOS PORTICOS / DIRECCIoN DE TRANSITO”.",27/06/2019 16:44:58,1
2324-252-L119,Licitacion publica inferior a 100 UTM,Region de los Lagos ,Municipalidad de Puerto Montt,"LITERAS PROG. FAMILIA, SEGURIDADES Y OPORTUNIDADES",28/06/2019 17:07:30,1
2324-253-LE19,Licitacion Publica igual o superior a 100 UTM e inferior a 1.000 UTM,Region de los Lagos ,Municipalidad de Puerto Montt,"LICITACIoN PUBLICA N° 85/2019 ""CONSTRUCCIoN PILETAS Y DRENAJES BAJADAS AGUAS LLUVIAS TECHUMBRE, FERIA PADRE HURTADO"". ",28/06/2019 17:26:00,1
2324-254-LE19,Licitacion Publica igual o superior a 100 UTM e inferior a 1.000 UTM,Region de los Lagos ,Municipalidad de Puerto Montt,MATERIALES REFUGIOS PEATONALES,28/06/2019 16:03:13,2
2324-255-LE19,Licitacion Publica igual o superior a 100 UTM e inferior a 1.000 UTM,Region de los Lagos ,Municipalidad de Puerto Montt,MATERIALES FERIA ALTO BONITO,02/07/2019 10:09:08,10
2332-36-LE19,Licitacion Publica igual o superior a 100 UTM e inferior a 1.000 UTM,Region de los Lagos ,Municipalidad de Puerto Montt,TRANSPORTE MARÍTIMO Y TERRESTRE  DE PASAJEROS,28/06/2019 15:57:17,10
2332-42-LE19,Licitacion Publica igual o superior a 100 UTM e inferior a 1.000 UTM,Region de los Lagos ,Municipalidad de Puerto Montt,"DISEÑO REPOSICIoN POSTA DE SALUD RURAL HUELMO, P.M",01/07/2019 14:27:49,1
2332-43-LE19,Licitacion Publica igual o superior a 100 UTM e inferior a 1.000 UTM,Region de los Lagos ,Municipalidad de Puerto Montt,DISEÑO REPOSICIoN POSTA DE SALUD RURAL CORRENTOSO,01/07/2019 15:19:17,1
2332-49-L119,Licitacion publica inferior a 100 UTM,Region de los Lagos ,Municipalidad de Puerto Montt,ADQ. DE FARMACOS DROGUERIA DESAM,01/07/2019 14:26:01,3
2377-312-L119,Licitacion publica inferior a 100 UTM,Region de los Lagos ,MUNICIPALIDAD DE LA FLORIDA,PROVISION PANEL ALUSION LARGE CELL OPEN RWO SIDE P 1285,26/06/2019 17:26:35,1
2377-314-L119,Licitacion publica inferior a 100 UTM,Region de los Lagos ,MUNICIPALIDAD DE LA FLORIDA,ALIMENTOS NO PERECIBLES Y PERECIBLES S/P   1297,27/06/2019 10:08:06,1
2377-315-L119,Licitacion publica inferior a 100 UTM,Region de los Lagos ,MUNICIPALIDAD DE LA FLORIDA,TINTA PARA POLTTER S/P N° 1319,27/06/2019 12:46:44,4
2377-316-L119,Licitacion publica inferior a 100 UTM,Region de los Lagos ,MUNICIPALIDAD DE LA FLORIDA,SERVICIO DE FLORES DIFERENTES ARREGLOS P 1320,28/06/2019 12:17:59,1
2377-317-L119,Licitacion publica inferior a 100 UTM,Region de los Lagos ,MUNICIPALIDAD DE LA FLORIDA,BOLSAS DE BASURA NEGRAS  P/1322,28/06/2019 12:49:21,2
2377-318-L119,Licitacion publica inferior a 100 UTM,Region de los Lagos ,MUNICIPALIDAD DE LA FLORIDA,DIPROCIG SP N°1303 (CANDADOS Y SELLOS DE SEGURIDAD),28/06/2019 13:42:58,2
2377-319-L119,Licitacion publica inferior a 100 UTM,Region de los Lagos ,MUNICIPALIDAD DE LA FLORIDA,SUPLENTOS ALIMENTICIOS Y MEDICAMENTOS S/P N° 1313,02/07/2019 13:12:52,1
2377-320-L119,Licitacion publica inferior a 100 UTM,Region de los Lagos ,MUNICIPALIDAD DE LA FLORIDA,TALONARIOS CITACION EXAMENES PENDIENTES DE TTO. S/P N° 1324,02/07/2019 17:49:34,1
2377-321-L119,Licitacion publica inferior a 100 UTM,Region de los Lagos ,MUNICIPALIDAD DE LA FLORIDA,ARTÍCULOS DE LIBRERÍA S/P N° 1329,02/07/2019 18:07:48,1
2658-257-L119,Licitacion publica inferior a 100 UTM,Region de los Lagos ,Municipalidad de Ancud,REPUESTOS DE VEHICULOS.O.P.. 168 OPERACIONES,27/06/2019 14:04:52,1
2658-258-E219,Licitacion Privada Inferior a 100 UTM,Region de los Lagos ,Municipalidad de Ancud,SERVICIO DE LIMPIEZA Y EXTRACCION DE RESIDUOS.O.P.N. 38 SECPLAN,27/06/2019 16:24:53,1
2658-259-E219,Licitacion Privada Inferior a 100 UTM,Region de los Lagos ,Municipalidad de Ancud,ELEMENTOS DE SOPORTE OP 188 DIDEF,28/06/2019 12:06:10,2
2658-260-L119,Licitacion publica inferior a 100 UTM,Region de los Lagos ,Municipalidad de Ancud,INSUMOS DE CONSTRUCCION OP 127ASEO Y ORNATO,28/06/2019 12:36:20,24
2658-261-L119,Licitacion publica inferior a 100 UTM,Region de los Lagos ,Municipalidad de Ancud,NEUMATICOS.O.P.N. 172 OPERACIONES,01/07/2019 14:26:52,1
2658-262-L119,Licitacion publica inferior a 100 UTM,Region de los Lagos ,Municipalidad de Ancud,CARPA LISA OP 58 DOM,01/07/2019 16:09:49,1
2660-31-LR19,Licitacion Publica Mayor a 5000 UTM,Region de los Lagos ,Municipalidad de Ancud,"Construccion APR Sector Guabun, Ancud. 2",11/06/2019 12:51:17,1
2660-32-LQ19,Licitacion Publica igual o superior a 2.000 UTM e inferior a 5.000 UTM,Region de los Lagos ,Municipalidad de Ancud,Recuperacion recursos por patentes municipales,01/07/2019 12:28:25,1
2730-63-L119,Licitacion publica inferior a 100 UTM,Region de los Lagos ,ILUSTRE MUNICIPALIDAD DE CASTRO,Reparacion de motoniveladora Jhon Deere. ,25/06/2019 12:58:10,1
2730-67-LE19,Licitacion Publica igual o superior a 100 UTM e inferior a 1.000 UTM,Region de los Lagos ,ILUSTRE MUNICIPALIDAD DE CASTRO,MATERIALES DE FERRETERIA 2,28/06/2019 17:10:37,1
2805-14-L119,Licitacion publica inferior a 100 UTM,Region de los Lagos ,Ilustre Municipalidad de Llanquihue,ADQUISICIoN Y/O CONFECCIoN DE BASES METaLICAS PROGRAMA GES 60 AÑOS ,05/06/2019 16:51:00,1
2805-15-L119,Licitacion publica inferior a 100 UTM,Region de los Lagos ,Ilustre Municipalidad de Llanquihue,INSUMOS MeDICOS 2DO. TRIMESTRE 2019,25/06/2019 16:28:00,34
2805-16-LE19,Licitacion Publica igual o superior a 100 UTM e inferior a 1.000 UTM,Region de los Lagos ,Ilustre Municipalidad de Llanquihue,MEDICAMENTOS FARMACIA COMUNITARIA JUNIO 2019,02/07/2019 16:51:35,49
2852-54-LQ19,Licitacion Publica igual o superior a 2.000 UTM e inferior a 5.000 UTM,Region de los Lagos ,I. Municipalidad de Puerto Varas,"MEJORAMIENTO CALLE TERRAPLEN, PUERTO VARAS",14/06/2019 13:24:00,1
2852-55-LQ19,Licitacion Publica igual o superior a 2.000 UTM e inferior a 5.000 UTM,Region de los Lagos ,I. Municipalidad de Puerto Varas,"MEJORAMIENTO CALLE SAN MARTÍN, PUERTO VARAS",14/06/2019 15:53:00,1
2852-57-LE19,Licitacion Publica igual o superior a 100 UTM e inferior a 1.000 UTM,Region de los Lagos ,I. Municipalidad de Puerto Varas,EJECUCIoN DEL PROYECTO HABITABILIDAD  CHILE SOLIDARIO 2018 - 2019”,25/06/2019 11:22:35,1
2852-58-LE19,Licitacion Publica igual o superior a 100 UTM e inferior a 1.000 UTM,Region de los Lagos ,I. Municipalidad de Puerto Varas,CONVENIO DE SUMINISTRO DE SUPERMERCADO,25/06/2019 16:32:00,1
2852-59-LE19,Licitacion Publica igual o superior a 100 UTM e inferior a 1.000 UTM,Region de los Lagos ,I. Municipalidad de Puerto Varas,CONVENIO DE SUMINISTRO DE FARMACIA DIDECO 2019,26/06/2019 15:53:31,1
2852-60-LE19,Licitacion Publica igual o superior a 100 UTM e inferior a 1.000 UTM,Region de los Lagos ,I. Municipalidad de Puerto Varas,"AITO, MEJORAMIENTO CALLE TERRAPLeN",27/06/2019 11:56:04,1
2852-61-LE19,Licitacion Publica igual o superior a 100 UTM e inferior a 1.000 UTM,Region de los Lagos ,I. Municipalidad de Puerto Varas,"AITO, MEJORAMIENTO CALLE SAN MARTÍN, PUERTO VARAS ",27/06/2019 12:23:21,1
2853-19-LE19,Licitacion Publica igual o superior a 100 UTM e inferior a 1.000 UTM,Region de los Lagos ,I. Municipalidad de Puerto Varas,Adquisicion de leña y Pellets DAEM Pto Varas ,25/06/2019 10:38:08,3
2853-20-LE19,Licitacion Publica igual o superior a 100 UTM e inferior a 1.000 UTM,Region de los Lagos ,I. Municipalidad de Puerto Varas,2do llamado Servicio de transporte escolar 2019,25/06/2019 12:57:18,2
2853-21-LE19,Licitacion Publica igual o superior a 100 UTM e inferior a 1.000 UTM,Region de los Lagos ,I. Municipalidad de Puerto Varas,Convenio de suministro de Control de plagas,28/06/2019 20:15:50,1
2854-21-LQ19,Licitacion Publica igual o superior a 2.000 UTM e inferior a 5.000 UTM,Region de los Lagos ,I. Municipalidad de Puerto Varas,CONVENIO SUMINISTRO INSUMOS CESFAM SAR PTO VARAS,13/06/2019 16:50:00,235
2854-22-LE19,Licitacion Publica igual o superior a 100 UTM e inferior a 1.000 UTM,Region de los Lagos ,I. Municipalidad de Puerto Varas,ADQUISICIoN MEDICAMENTOS FARMACIA COMUNITARIA PV,01/07/2019 16:57:28,42
2863-12-LE19,Licitacion Publica igual o superior a 100 UTM e inferior a 1.000 UTM,Region de los Lagos ,Ilustre Municipalidad de Puerto Octay,MEDICAMENTOS UAPO,24/06/2019 11:36:01,20
2885-51-LP19,Licitacion Publica igual o superior a 1.000 UTM e inferior a 2.000 UTM (LP),Region de los Lagos ,ILUSTRE MUNICIPALIDAD DE PUYEHUE,Estudios Complementarios PTAS Entre Lagos,26/06/2019 16:04:25,1
2885-52-LE19,Licitacion Publica igual o superior a 100 UTM e inferior a 1.000 UTM,Region de los Lagos ,ILUSTRE MUNICIPALIDAD DE PUYEHUE,REPOSICIoN LUMINARIAS PILMAIQUEN,28/06/2019 12:25:40,1
2885-53-LE19,Licitacion Publica igual o superior a 100 UTM e inferior a 1.000 UTM,Region de los Lagos ,ILUSTRE MUNICIPALIDAD DE PUYEHUE,OBRAS COMPLEMENTARIAS COSTANERA ENTRE LAGOS,02/07/2019 09:44:52,1
2902-37-LE19,Licitacion Publica igual o superior a 100 UTM e inferior a 1.000 UTM,Region de los Lagos ,ILUSTRE MUNICIPALIDAD DE HUALAIHUE,TRANSPORTE ALUMNOS JARDIN CECI TENTELHUE ,24/06/2019 11:47:24,1
2904-24-LE19,Licitacion Publica igual o superior a 100 UTM e inferior a 1.000 UTM,Region de los Lagos ,ILUSTRE MUNICIPALIDAD DE HUALAIHUE,Arriendo Mensual de Maquinaria de Construccion,02/07/2019 18:55:45,4
2929-83-LQ19,Licitacion Publica igual o superior a 2.000 UTM e inferior a 5.000 UTM,Region de los Lagos ,Ilustre Municipalidad de Palena,Actualizacion Plan Regulador Comunal de Palena,20/06/2019 11:14:25,1
2941-17-L119,Licitacion publica inferior a 100 UTM,Region de los Lagos ,I. Municipalidad de San Pablo,SERVICIOS DE TRASLADO DEL PERSONAL EJECUTOR DEL PR,01/07/2019 15:57:31,1
2943-10-LP19,Licitacion Publica igual o superior a 1.000 UTM e inferior a 2.000 UTM (LP),Region de los Lagos ,I. Municipalidad de San Pablo,CONSTRUCCIoN GRaFICAS ACCESO COMUNA DE SAN PABLO ,25/06/2019 15:56:12,1
2989-12-LE19,Licitacion Publica igual o superior a 100 UTM e inferior a 1.000 UTM,Region de los Lagos ,Ilustre Municipalidad de Los Muermos,ADQUISICIoN EXAMENES ENDOSCOPICOS DIGESTIVOS ALTOS,25/06/2019 12:38:46,1
2993-9-LE19,Licitacion Publica igual o superior a 100 UTM e inferior a 1.000 UTM,Region de los Lagos ,Ilustre Municipalidad de Queilen,ASESORIA A LA INSPECCION TECNICA POSTA SALUD RURAL,27/06/2019 23:17:38,1
3289-16-L119,Licitacion publica inferior a 100 UTM,Region de los Lagos ,Policía de Investigaciones de Chile,MANTENCIoN CAJoN BALÍSTICO - LACRIM PTO MONTT,02/07/2019 17:40:52,1
3296-11-LP19,Licitacion Publica igual o superior a 1.000 UTM e inferior a 2.000 UTM (LP),Region de los Lagos ,I.  MUNICIPALIDAD CURACO  DE VELEZ,Mejoramiento Recinto Deportivo Huyar Alto,01/07/2019 09:48:00,1
3443-25-LE19,Licitacion Publica igual o superior a 100 UTM e inferior a 1.000 UTM,Region de los Lagos ,ILUSTRE MUNICIPALIDAD DE PURRANQUE,Reconfiguracion de Camaras y Mejoramiento de Redes,18/06/2019 16:11:00,1
3443-27-LE19,Licitacion Publica igual o superior a 100 UTM e inferior a 1.000 UTM,Region de los Lagos ,ILUSTRE MUNICIPALIDAD DE PURRANQUE,Mejoramiento Abasto de Agua Potable Maipue.-,28/06/2019 15:23:24,1
3443-29-L119,Licitacion publica inferior a 100 UTM,Region de los Lagos ,ILUSTRE MUNICIPALIDAD DE PURRANQUE,SERVICIO DE GRABACIoN Y EDICIoN DE CaPSULAS AUDIOV,27/06/2019 10:09:00,1
3508-49-LE19,Licitacion Publica igual o superior a 100 UTM e inferior a 1.000 UTM,Region de los Lagos ,ILUSTRE MUNICIPALIDAD DE CHONCHI,MANTENCION Y REPARACION DE CAMIONES Y OTROS,24/06/2019 17:43:04,1
3508-50-LE19,Licitacion Publica igual o superior a 100 UTM e inferior a 1.000 UTM,Region de los Lagos ,ILUSTRE MUNICIPALIDAD DE CHONCHI,CONVENIO DE MANTENCION MAQUINARIA PESADA,25/06/2019 09:46:26,1
3508-53-LE19,Licitacion Publica igual o superior a 100 UTM e inferior a 1.000 UTM,Region de los Lagos ,ILUSTRE MUNICIPALIDAD DE CHONCHI,UNIFORME INSTITUCIONAL I. MUNICIPALIDAD DE CHONCHI,28/06/2019 10:39:12,1
3519-8-L119,Licitacion publica inferior a 100 UTM,Region de los Lagos ,MUNICIPALIDAD DE DALCAHUE,SEGURO CONTRA TODO RIESGO CAMIONETA MUNICIPAL,02/07/2019 13:57:52,1
3520-34-LS11,Licitacion de Servicios,Region de los Lagos ,MUNICIPALIDAD DE DALCAHUE,Contratacion profesional de apoyo  ITO,26/12/2011 15:10:00,0
3757-6-LR19,Licitacion Publica Mayor a 5000 UTM,Region de los Lagos ,Ilustre Municipalidad de Quinchao,SERVICIO DE ASEO Y A LA COMUNIDAD 2019 - 2021,11/06/2019 10:20:07,1
3770-3-LE19,Licitacion Publica igual o superior a 100 UTM e inferior a 1.000 UTM,Region de los Lagos ,Ilustre Municipalidad de Quinchao,PROGRAMA HABITABILIDAD COMUNA,24/06/2019 09:19:49,1
3850-34-L119,Licitacion publica inferior a 100 UTM,Region de los Lagos ,Ilustre Municipalidad de Rio Bueno,Vitrina para trofeos Liceo Tecnico Profesional,28/06/2019 10:28:46,1
387-5-LP19,Licitacion Publica igual o superior a 1.000 UTM e inferior a 2.000 UTM (LP),Region de los Lagos ,Ilustre Municipalidad de Los Muermos,Concesion para la Mantencion del Alumbrado Publico,27/06/2019 10:19:00,1
3888-38-L119,Licitacion publica inferior a 100 UTM,Region de los Lagos ,Ilustre Municipalidad de San Juan de la Costa,"Adquisicion de equipamiento para cuatro viviendas del programa habitabilidad, San Juan de la Costa",02/07/2019 11:54:09,1
3888-39-LE19,Licitacion Publica igual o superior a 100 UTM e inferior a 1.000 UTM,Region de los Lagos ,Ilustre Municipalidad de San Juan de la Costa,MATERIALES PARA VIVIENDAS ,02/07/2019 12:56:32,1
3888-40-LE19,Licitacion Publica igual o superior a 100 UTM e inferior a 1.000 UTM,Region de los Lagos ,Ilustre Municipalidad de San Juan de la Costa,MATERIALES PARA VIVIENDAS DE EMERGENCIA,02/07/2019 15:40:37,1
3897-23-LP19,Licitacion Publica igual o superior a 1.000 UTM e inferior a 2.000 UTM (LP),Region de los Lagos ,Ilustre Municipalidad de Futaleufu,CONSTRUCCION PARQUE MUNICIPAL FUTALEUFU - DISEÑO,20/06/2019 15:17:00,1
3926-37-LE19,Licitacion Publica igual o superior a 100 UTM e inferior a 1.000 UTM,Region de los Lagos ,Ilustre Municipalidad de San Juan de la Costa,"CTTO. SUMINISTROS MANTENCION, REPARACION Y REPUESTOS MECANICOS Y ELECTRICOS PARA VEHICULOS DEL DPTO. SALUD MUNICIPAL. ",25/06/2019 16:49:12,2
3950-28-LE19,Licitacion Publica igual o superior a 100 UTM e inferior a 1.000 UTM,Region de los Lagos ,Direccion de Salud Rural,Reparaciones en Casa de la Mujer Campesina,26/06/2019 16:04:01,1
3950-29-L119,Licitacion publica inferior a 100 UTM,Region de los Lagos ,Direccion de Salud Rural,Construccion de un Muro de Escalada Proyecto Villa Ortega se Mueve por su Salud,26/06/2019 09:57:28,1
4037-57-L119,Licitacion publica inferior a 100 UTM,Region de los Lagos ,Ilustre Municipalidad de Fresia,INSUMOS OPD PUBLICIDAD Y DIFUSION ,01/07/2019 14:08:39,8
4037-70-LR19,Licitacion Publica Mayor a 5000 UTM,Region de los Lagos ,Ilustre Municipalidad de Fresia,"REPOSICIoN POSTA DE SALUD RURAL EL TRAIGUEN, FRESIA",10/06/2019 15:50:42,1
4037-72-LP19,Licitacion Publica igual o superior a 1.000 UTM e inferior a 2.000 UTM (LP),Region de los Lagos ,Ilustre Municipalidad de Fresia,CONSERVACIoN EDIFICIO DAEM,19/06/2019 16:18:24,1
4037-77-LE19,Licitacion Publica igual o superior a 100 UTM e inferior a 1.000 UTM,Region de los Lagos ,Ilustre Municipalidad de Fresia,REPOSICIoN Y HABILITACIoN DE RECINTOS CLUB DE RODEO.  ,28/06/2019 14:15:49,1
4041-23-L119,Licitacion publica inferior a 100 UTM,Region de los Lagos ,Ilustre Municipalidad de Fresia,MATERIALES SERVICIOS HIGIeNICOS LICEO CIC FAEP,26/06/2019 15:10:32,6
4041-24-L119,Licitacion publica inferior a 100 UTM,Region de los Lagos ,Ilustre Municipalidad de Fresia,MATERIALES VARIOS TALLER CIRCO TEATRO LICEO CIC,27/06/2019 11:11:56,9
4086-102-L119,Licitacion publica inferior a 100 UTM,Region de los Lagos ,ILUSTRE MUNICIPALIDAD DE MAULLIN,MATERIALES DE CONSTRUCCION,28/06/2019 16:14:55,4
4086-103-L119,Licitacion publica inferior a 100 UTM,Region de los Lagos ,ILUSTRE MUNICIPALIDAD DE MAULLIN,ADQUISICIoN DE HERRAMIENTAS,28/06/2019 15:39:07,1
4086-104-L119,Licitacion publica inferior a 100 UTM,Region de los Lagos ,ILUSTRE MUNICIPALIDAD DE MAULLIN,ADQUISICIoN DE MATERIALES DE CONSTRUCCIoN,28/06/2019 16:12:27,1
4086-105-L119,Licitacion publica inferior a 100 UTM,Region de los Lagos ,ILUSTRE MUNICIPALIDAD DE MAULLIN,SERVICIO DE TALLER DE BOXEO,01/07/2019 10:08:29,1
4086-106-L119,Licitacion publica inferior a 100 UTM,Region de los Lagos ,ILUSTRE MUNICIPALIDAD DE MAULLIN,SERVICIO DE TALLER DE CUECA,01/07/2019 10:19:31,1
4090-27-L119,Licitacion publica inferior a 100 UTM,Region de los Lagos ,ILUSTRE MUNICIPALIDAD DE MAULLIN,FARMACOS E INSUMOS PARA FARMACIA DESAM MAULLIN,27/06/2019 12:44:38,30
4090-28-L119,Licitacion publica inferior a 100 UTM,Region de los Lagos ,ILUSTRE MUNICIPALIDAD DE MAULLIN,COMBUSTIBLE PARA CALEFACCIoN CESFAM CARELMAPU,01/07/2019 16:53:17,1
4091-39-L119,Licitacion publica inferior a 100 UTM,Region de los Lagos ,ILUSTRE MUNICIPALIDAD DE MAULLIN,"TEXTO DE INGLES, ESC FCO CORTES -SEP",25/06/2019 12:24:28,1
4195-73-L119,Licitacion publica inferior a 100 UTM,Region de los Lagos ,Ilustre Municipalidad de Quemchi,POLERAS DRY FIT,25/06/2019 13:04:29,1
4195-77-L119,Licitacion publica inferior a 100 UTM,Region de los Lagos ,Ilustre Municipalidad de Quemchi,"MANTENCION APR SECTOR QUELER,ISLA CAUCAHUE.",28/06/2019 10:22:14,1
4197-26-LE19,Licitacion Publica igual o superior a 100 UTM e inferior a 1.000 UTM,Region de los Lagos ,Ilustre Municipalidad de Quemchi,MEDICAMENTOS RED ESTABLECIOMIENTOS RED SALUD QUEMC,01/07/2019 16:02:46,86
4197-27-L119,Licitacion publica inferior a 100 UTM,Region de los Lagos ,Ilustre Municipalidad de Quemchi,ELABORACIoN PROYECTO AGUA POTABLE POSTA VOIGUE,01/07/2019 11:34:56,1
4215-5-L119,Licitacion publica inferior a 100 UTM,Region de los Lagos ,Direccion General de Aeronautica Civil,ADQUISICIoN DE PRODUCTOS FARMACeUTICOS PARA CLÍNICA DENTAL DE PUERTO MONTT  ,28/06/2019 15:57:22,21
4230-6-LE19,Licitacion Publica igual o superior a 100 UTM e inferior a 1.000 UTM,Region de los Lagos ,Carabineros de Chile,ADQUISICION 279 CHALECOS REFLEC Y 279 FUNDA N.A.,19/06/2019 17:31:00,2
4230-7-LE19,Licitacion Publica igual o superior a 100 UTM e inferior a 1.000 UTM,Region de los Lagos ,Carabineros de Chile,ADQUISICION 120 CASACAS FRONTERA COLOR VERDE INST.,20/06/2019 16:51:00,1
4318-10-LE19,Licitacion Publica igual o superior a 100 UTM e inferior a 1.000 UTM,Region de los Lagos ,ILUSTRE MUNICIPALIDAD DE CHONCHI,Construccion Plaza Cucao Comuna de Chonchi,18/06/2019 11:27:00,1
4318-8-LR19,Licitacion Publica Mayor a 5000 UTM,Region de los Lagos ,ILUSTRE MUNICIPALIDAD DE CHONCHI,Construccion Cuartel 2ª Compañía Bomberos Chonchi,05/06/2019 11:09:55,1
4644-21-LE19,Licitacion Publica igual o superior a 100 UTM e inferior a 1.000 UTM,Region de los Lagos ,Corporacion Nacional Forestal - CONAF,MOVIMIENTO DE TIERRA Y SUMINISTRO DE aRIDOS,02/07/2019 14:47:41,1
4832-8-LE19,Licitacion Publica igual o superior a 100 UTM e inferior a 1.000 UTM,Region de los Lagos ,Ilustre Municipalidad de Cochamo,CONTRATO SERVICIO DE DIFUSION  COMUNA DE COCHAMO,28/06/2019 13:04:23,1
4868-4-LE19,Licitacion Publica igual o superior a 100 UTM e inferior a 1.000 UTM,Region de los Lagos ,Servicio Nacional de Menores,SERVICIO DE TELEVISIoN POR CABLE O SATELITAL,26/06/2019 17:11:04,1
4990-15-L119,Licitacion publica inferior a 100 UTM,Region de los Lagos ,Ilustre Municipalidad de Quemchi,ADQUISICION DE MATERIALES HIDRAULICOS APR TUBILDAD,27/06/2019 08:43:44,1
507428-39-LR19,Licitacion Publica Mayor a 5000 UTM,Region de los Lagos ,Servicio de Salud Chiloe,Construccion Servicio Urgencia Alta Resolutividad,09/05/2019 11:55:00,1
507428-54-LE19,Licitacion Publica igual o superior a 100 UTM e inferior a 1.000 UTM,Region de los Lagos ,Servicio de Salud Chiloe,ESTUDIO DE DISEÑO HELIPUERTO HOSPITAL DE QUELLoN,19/06/2019 09:36:00,1
507428-55-LP19,Licitacion Publica igual o superior a 1.000 UTM e inferior a 2.000 UTM (LP),Region de los Lagos ,Servicio de Salud Chiloe,CS SOPORTE MEDICAMENTOS SALUD SEXUAL REPRODUCTIVA,19/06/2019 10:09:51,9
507428-58-LQ19,Licitacion Publica igual o superior a 2.000 UTM e inferior a 5.000 UTM,Region de los Lagos ,Servicio de Salud Chiloe,Adquisicion Ambulancia de emergencia Avanzada AEA,18/06/2019 15:22:08,1
507428-59-LQ19,Licitacion Publica igual o superior a 2.000 UTM e inferior a 5.000 UTM,Region de los Lagos ,Servicio de Salud Chiloe,CS DE SOPORTE MEDICAMENTOS IRA ERA,25/06/2019 15:53:57,9
507428-60-LE19,Licitacion Publica igual o superior a 100 UTM e inferior a 1.000 UTM,Region de los Lagos ,Servicio de Salud Chiloe,CS DE SOPORTE MEDICAMENTOS ARTROSIS,25/06/2019 16:18:14,3
507428-61-LE19,Licitacion Publica igual o superior a 100 UTM e inferior a 1.000 UTM,Region de los Lagos ,Servicio de Salud Chiloe,CONVENIO DE MANTENCIoN EQUIPOS SAMU CHILOe,25/06/2019 14:50:52,1
507428-62-LP19,Licitacion Publica igual o superior a 1.000 UTM e inferior a 2.000 UTM (LP),Region de los Lagos ,Servicio de Salud Chiloe,SERVICIO DE ASEO Y LIMPIEZA EDIFICIO INSTITUCIONAL,14/06/2019 16:34:34,1
507428-63-LQ19,Licitacion Publica igual o superior a 2.000 UTM e inferior a 5.000 UTM,Region de los Lagos ,Servicio de Salud Chiloe,SERVICIO DE RETIRO Y ELIMINACIoN DE REAS,25/06/2019 11:23:00,1
507428-64-LQ19,Licitacion Publica igual o superior a 2.000 UTM e inferior a 5.000 UTM,Region de los Lagos ,Servicio de Salud Chiloe,"Adq.Instalacion,habilitacion sistema Modular",25/06/2019 11:22:50,1
507428-65-LE19,Licitacion Publica igual o superior a 100 UTM e inferior a 1.000 UTM,Region de los Lagos ,Servicio de Salud Chiloe,SegundoLlamado Servicios Nefrologicos hemodialisis,24/06/2019 15:47:29,1
507428-66-LE19,Licitacion Publica igual o superior a 100 UTM e inferior a 1.000 UTM,Region de los Lagos ,Servicio de Salud Chiloe,PERITAJES DE TERRENOS VALORIZACIoN COMERCIAL,02/07/2019 16:51:26,1
548868-18-LE19,Licitacion Publica igual o superior a 100 UTM e inferior a 1.000 UTM,Region de los Lagos ,INSTITUTO DE PREVISION SOCIAL,SERVICIO DE PRENSA Y COMUNICACIONES PARA EL IPS,02/07/2019 12:08:41,1
584146-16-LE19,Licitacion Publica igual o superior a 100 UTM e inferior a 1.000 UTM,Region de los Lagos ,ILUSTRE MUNICIPALIDAD DE PURRANQUE,CONTROL DE PLAGAS,25/06/2019 15:44:00,1
584146-17-LE19,Licitacion Publica igual o superior a 100 UTM e inferior a 1.000 UTM,Region de los Lagos ,ILUSTRE MUNICIPALIDAD DE PURRANQUE,ADQUISICION DE LENTES OPTICOS,27/06/2019 16:56:22,1
602-100-L119,Licitacion publica inferior a 100 UTM,Region de los Lagos ,I. Municipalidad de Río Negro,Juegos infantiles Colegio Riachuelo (SP32) ,26/06/2019 16:51:36,2
602-103-L119,Licitacion publica inferior a 100 UTM,Region de los Lagos ,I. Municipalidad de Río Negro,Artículos escolares Esc. Ramon Puschell,02/07/2019 10:49:13,6
610181-8-LE19,Licitacion Publica igual o superior a 100 UTM e inferior a 1.000 UTM,Region de los Lagos ,Subsecretaría del Medio Ambiente,Adqusicion de 3 Medidores de Humedad de leña,01/07/2019 19:40:21,1
611136-7-LE19,Licitacion Publica igual o superior a 100 UTM e inferior a 1.000 UTM,Region de los Lagos ,Subsecretaría del Medio Ambiente,Estudio Prefactibilidad Calefaccion Distrital,25/06/2019 14:36:34,1
624891-23-LP19,Licitacion Publica igual o superior a 1.000 UTM e inferior a 2.000 UTM (LP),Region de los Lagos ,Direccion General de Aeronautica Civil,contrato por servicio de aseo y limpieza,17/06/2019 12:43:06,1
656-27-LE19,Licitacion Publica igual o superior a 100 UTM e inferior a 1.000 UTM,Region de los Lagos ,SERVIU X Region,P.P. N°25-2019 PPP 28°LLAMADO CALBUCO,13/06/2019 08:10:24,1
656-28-LP19,Licitacion Publica igual o superior a 1.000 UTM e inferior a 2.000 UTM (LP),Region de los Lagos ,SERVIU X Region,P.P. N°26-2019 PPP 28 LLAMADO FRESIA,13/06/2019 08:10:49,1
656-29-LP19,Licitacion Publica igual o superior a 1.000 UTM e inferior a 2.000 UTM (LP),Region de los Lagos ,SERVIU X Region,P.P. N°27-2019 PPP 28°LLAMADO FRUTILLAR,13/06/2019 08:11:04,1
656-30-LQ19,Licitacion Publica igual o superior a 2.000 UTM e inferior a 5.000 UTM,Region de los Lagos ,SERVIU X Region,P.P. N°28-2019 PPP 28°LLAMADO PUERTO VARAS,13/06/2019 08:11:38,1
656-31-LR19,Licitacion Publica Mayor a 5000 UTM,Region de los Lagos ,SERVIU X Region,P.P. N°29-2019 PPP 28°LLAMADO HUALAIHUe,13/06/2019 08:12:00,1
656-32-LR19,Licitacion Publica Mayor a 5000 UTM,Region de los Lagos ,SERVIU X Region,P.P. N°30-2019 PPP 28°LLAMADO PUERTO MONTT,13/06/2019 08:12:19,1
656-33-LQ19,Licitacion Publica igual o superior a 2.000 UTM e inferior a 5.000 UTM,Region de los Lagos ,SERVIU X Region,"P.P. N 31-2019 DISEÑO AVDA. LOS NOTROS, PTO. MONTT",14/06/2019 09:30:32,1
656-34-LR19,Licitacion Publica Mayor a 5000 UTM,Region de los Lagos ,SERVIU X Region,P.P. N° 32-2019 NORMALIZACION SEMAFOROS OSORNO,20/06/2019 08:34:22,1
656-36-LP19,Licitacion Publica igual o superior a 1.000 UTM e inferior a 2.000 UTM (LP),Region de los Lagos ,SERVIU X Region,P.P. N 33-2019 DISEÑO P. AGUIRRE C. CHONCHI,21/06/2019 08:09:14,1
656-37-LE19,Licitacion Publica igual o superior a 100 UTM e inferior a 1.000 UTM,Region de los Lagos ,SERVIU X Region,"P.P. N° 34-2019 DISEÑO PQMB, MAULLIN Y CALBUCO",21/06/2019 08:09:59,1
656-38-LE19,Licitacion Publica igual o superior a 100 UTM e inferior a 1.000 UTM,Region de los Lagos ,SERVIU X Region,"P.P. N 35-2019 DISEÑO DE PROYECTOS, CHAITEN.",28/06/2019 11:36:23,1
656-8-LS10,Licitacion de Servicios,Region de los Lagos ,SERVIU X Region,Contratacion de los Servicios profesionales del area de la Construccion para el apoyo en la supervision de proyectos y en la gestion del Programa de Pavimentos Participativo,26/03/2010 12:38:56,0
657-20-LP19,Licitacion Publica igual o superior a 1.000 UTM e inferior a 2.000 UTM (LP),Region de los Lagos ,SERVIU XI Region,Const. Calz. HCV Calles Coyhaique,12/06/2019 16:19:42,1
657-21-LP19,Licitacion Publica igual o superior a 1.000 UTM e inferior a 2.000 UTM (LP),Region de los Lagos ,SERVIU XI Region,CALLES LA JUNTA,12/06/2019 16:03:19,1
657-22-LE19,Licitacion Publica igual o superior a 100 UTM e inferior a 1.000 UTM,Region de los Lagos ,SERVIU XI Region,cierre perimetral y Acc. Vehic.  delegacion aysen,24/06/2019 12:47:00,1
657-23-LR19,Licitacion Publica Mayor a 5000 UTM,Region de los Lagos ,SERVIU XI Region,Macroinfraestructura Chacra G,28/06/2019 11:39:23,1
661-4-L119,Licitacion publica inferior a 100 UTM,Region de los Lagos ,MINISTERIO DE VIVIENDA Y URBANISMO,SERVICIO DE MANTENIMIENTO Y REPARACIoN COMPUTACIONAL E INFORMaTICO SEREMI MAGALLANES ,28/06/2019 15:17:03,1
661-6-CO19,Licitacion Privada igual o superior a 100 UTM e inferior a 1000 UTM,Region de los Lagos ,MINISTERIO DE VIVIENDA Y URBANISMO,SERVICIO DE TELEFONIA CELULAR 2019-2020,21/06/2019 15:03:48,1
680-20-L119,Licitacion publica inferior a 100 UTM,Region de los Lagos ,Ministerio de Bienes Nacionales.,"Servicio de aseo, limpieza y mantencion para la Oficina Provincial de Bienes Nacionales de Chaiten",26/06/2019 16:52:15,1
697-18-LE19,Licitacion Publica igual o superior a 100 UTM e inferior a 1.000 UTM,Region de los Lagos ,Instituto Antartico Chileno,Contenedores de 20 pies refrigerado y plegable,25/06/2019 11:45:49,2
697-19-LE19,Licitacion Publica igual o superior a 100 UTM e inferior a 1.000 UTM,Region de los Lagos ,Instituto Antartico Chileno,ADQUIRIR 30 ESTANTES ACERO INOXIDABLE,25/06/2019 16:19:47,1
697-20-LE19,Licitacion Publica igual o superior a 100 UTM e inferior a 1.000 UTM,Region de los Lagos ,Instituto Antartico Chileno,"Cajas, Bines y Pallets de Plastico",25/06/2019 15:41:12,4
697-21-LE19,Licitacion Publica igual o superior a 100 UTM e inferior a 1.000 UTM,Region de los Lagos ,Instituto Antartico Chileno,ADQUISICIoN DE EQUIPAMIENTO DE BUCEO,26/06/2019 09:03:06,1
697-22-LE19,Licitacion Publica igual o superior a 100 UTM e inferior a 1.000 UTM,Region de los Lagos ,Instituto Antartico Chileno,ADQUISICIoN  ENFRIADOR DE AGUA DE RECIR. INTERNA,26/06/2019 15:12:58,1
697-23-LE19,Licitacion Publica igual o superior a 100 UTM e inferior a 1.000 UTM,Region de los Lagos ,Instituto Antartico Chileno,Maletas de transporte de compresores y generadores,26/06/2019 15:51:42,2
697-25-LE19,Licitacion Publica igual o superior a 100 UTM e inferior a 1.000 UTM,Region de los Lagos ,Instituto Antartico Chileno,Raciones de Comida Liofilizada,27/06/2019 11:03:25,1
697-26-LQ19,Licitacion Publica igual o superior a 2.000 UTM e inferior a 5.000 UTM,Region de los Lagos ,Instituto Antartico Chileno,Servicio Internet Satelital Base Escudero,27/06/2019 16:10:00,1
697-27-LP19,Licitacion Publica igual o superior a 1.000 UTM e inferior a 2.000 UTM (LP),Region de los Lagos ,Instituto Antartico Chileno,Vestuario Tecnico Antartico Institucional,28/06/2019 13:24:10,1
759035-12-LE19,Licitacion Publica igual o superior a 100 UTM e inferior a 1.000 UTM,Region de los Lagos ,Hospital Coyhaique,Desarrollo SW  gestion solicitudes de compras HRC,18/06/2019 09:59:51,1
807-40-LE19,Licitacion Publica igual o superior a 100 UTM e inferior a 1.000 UTM,Region de los Lagos ,Corporacion Nacional de Desarrollo Indígena - CONADI,“Muestras Mapuche Williche,26/06/2019 15:33:24,1
827-9-LQ19,Licitacion Publica igual o superior a 2.000 UTM e inferior a 5.000 UTM,Region de los Lagos ,Direccion de Arquitectura - MOP,AIFO CONST. CENTRO CERRADO X REGIoN DE LOS LAGOS,10/06/2019 16:24:31,1
841-3-L119,Licitacion publica inferior a 100 UTM,Region de los Lagos ,Servicio de Cooperacion Tecnica - SERCOTEC,"INSTRUMENTO DE REDES DE OPORTUNIDADES DE NEGOCIO, SERVICIO DE “VÍNCULO COMERCIAL ENTRE LOS PROVEEDORES DE CONFECCIoN DE ROPA DE TRABAJO  CON LA DEMANDA – REGIoN LOS LAGOS”",28/06/2019 13:09:05,1
854-33-L119,Licitacion publica inferior a 100 UTM,Region de los Lagos ,Junta Nacional de Jardines Infantiles - JUNJI,Instalacion cableado estructurado JUNJI XI,01/07/2019 16:56:35,1
854-34-L119,Licitacion publica inferior a 100 UTM,Region de los Lagos ,Junta Nacional de Jardines Infantiles - JUNJI,Suministro combustible vehiculos arrendados JUNJI XI,01/07/2019 16:57:06,1
854-35-LR19,Licitacion Publica Mayor a 5000 UTM,Region de los Lagos ,Junta Nacional de Jardines Infantiles - JUNJI,Construccion Jardín Infantil Comite de Vivienda Pto. Aysen,02/07/2019 16:05:28,1
867990-25-LE19,Licitacion Publica igual o superior a 100 UTM e inferior a 1.000 UTM,Region de los Lagos ,Universidad de Santiago de Chile,Acrilicos transparentes- Solicitud N41672 C.c 102,01/07/2019 13:17:14,1
867990-36-LE19,Licitacion Publica igual o superior a 100 UTM e inferior a 1.000 UTM,Region de los Lagos ,Universidad de Santiago de Chile,Remodelacion de salas 641 y 642 Departamento de Electricidad - Universidad de Santiago de Chile,25/06/2019 17:49:32,1
966131-29-LR19,Licitacion Publica Mayor a 5000 UTM,Region de los Lagos ,ILUSTRE MUNICIPALIDAD DE CASTRO,CONCESIoN DE SERVICIO DE ASEO DE LA COMUNA DE CAST,28/05/2019 19:42:00,1
966131-31-LE19,Licitacion Publica igual o superior a 100 UTM e inferior a 1.000 UTM,Region de los Lagos ,ILUSTRE MUNICIPALIDAD DE CASTRO,ADQ. E INST ELEM. SEGURIDAD VIAL CALLE CAGUACH,28/06/2019 16:41:00,1
